"fecha_oficia"|"aduana"|"aduana_desc"|"mercaderia"|"mercaderia_desc"|"cantidad"|"kilos"|"importe"
20140117|37|"MAR DEL PLATA"|3|"PESCADOS Y CRUSTACEOS, MOLUSCOS Y DEMAS INVERTEBRADOS ACUATI"|20|661721.4|1755148.19
20140213|37|"MAR DEL PLATA"|3|"PESCADOS Y CRUSTACEOS, MOLUSCOS Y DEMAS INVERTEBRADOS ACUATI"|40|901834|2908023.6
20140210|37|"MAR DEL PLATA"|3|"PESCADOS Y CRUSTACEOS, MOLUSCOS Y DEMAS INVERTEBRADOS ACUATI"|33|801681.99|1692355.09
20140328|37|"MAR DEL PLATA"|3|"PESCADOS Y CRUSTACEOS, MOLUSCOS Y DEMAS INVERTEBRADOS ACUATI"|70|2237279.51|3976848.51
20140108|37|"MAR DEL PLATA"|3|"PESCADOS Y CRUSTACEOS, MOLUSCOS Y DEMAS INVERTEBRADOS ACUATI"|52|1165802.99|2876604.18
20140103|37|"MAR DEL PLATA"|3|"PESCADOS Y CRUSTACEOS, MOLUSCOS Y DEMAS INVERTEBRADOS ACUATI"|44|1054010.08|2432059.41
20140131|37|"MAR DEL PLATA"|3|"PESCADOS Y CRUSTACEOS, MOLUSCOS Y DEMAS INVERTEBRADOS ACUATI"|50|1213431.32|5482061.03
20140523|37|"MAR DEL PLATA"|3|"PESCADOS Y CRUSTACEOS, MOLUSCOS Y DEMAS INVERTEBRADOS ACUATI"|62|2691349|4289126.26
20140410|37|"MAR DEL PLATA"|3|"PESCADOS Y CRUSTACEOS, MOLUSCOS Y DEMAS INVERTEBRADOS ACUATI"|56|3177117.77|5410549.24
20140507|37|"MAR DEL PLATA"|3|"PESCADOS Y CRUSTACEOS, MOLUSCOS Y DEMAS INVERTEBRADOS ACUATI"|59|1684520.14|3234574.73
20140530|37|"MAR DEL PLATA"|3|"PESCADOS Y CRUSTACEOS, MOLUSCOS Y DEMAS INVERTEBRADOS ACUATI"|41|2460769.26|3377928.2
20140723|37|"MAR DEL PLATA"|3|"PESCADOS Y CRUSTACEOS, MOLUSCOS Y DEMAS INVERTEBRADOS ACUATI"|35|1846961.64|3010886.51
20140614|37|"MAR DEL PLATA"|3|"PESCADOS Y CRUSTACEOS, MOLUSCOS Y DEMAS INVERTEBRADOS ACUATI"|13|307795|524302.7
20140820|37|"MAR DEL PLATA"|3|"PESCADOS Y CRUSTACEOS, MOLUSCOS Y DEMAS INVERTEBRADOS ACUATI"|75|2669732.56|4531156.81
20140729|37|"MAR DEL PLATA"|3|"PESCADOS Y CRUSTACEOS, MOLUSCOS Y DEMAS INVERTEBRADOS ACUATI"|60|1690960.13|3327606.06
20141229|37|"MAR DEL PLATA"|3|"PESCADOS Y CRUSTACEOS, MOLUSCOS Y DEMAS INVERTEBRADOS ACUATI"|38|1001025.44|5230869.48
20141204|37|"MAR DEL PLATA"|3|"PESCADOS Y CRUSTACEOS, MOLUSCOS Y DEMAS INVERTEBRADOS ACUATI"|71|1378783.72|3538524.17
20140627|37|"MAR DEL PLATA"|3|"PESCADOS Y CRUSTACEOS, MOLUSCOS Y DEMAS INVERTEBRADOS ACUATI"|16|404850.32|700128.7
20140707|37|"MAR DEL PLATA"|3|"PESCADOS Y CRUSTACEOS, MOLUSCOS Y DEMAS INVERTEBRADOS ACUATI"|65|1661381.18|2993096.91
20141228|37|"MAR DEL PLATA"|3|"PESCADOS Y CRUSTACEOS, MOLUSCOS Y DEMAS INVERTEBRADOS ACUATI"|13|158711.5|330494.53
20140726|37|"MAR DEL PLATA"|3|"PESCADOS Y CRUSTACEOS, MOLUSCOS Y DEMAS INVERTEBRADOS ACUATI"|5|113485|192994.8
20141203|37|"MAR DEL PLATA"|3|"PESCADOS Y CRUSTACEOS, MOLUSCOS Y DEMAS INVERTEBRADOS ACUATI"|65|1407262.74|5239678.69
20140702|37|"MAR DEL PLATA"|3|"PESCADOS Y CRUSTACEOS, MOLUSCOS Y DEMAS INVERTEBRADOS ACUATI"|76|3871269.7|6785570.82
20140908|37|"MAR DEL PLATA"|3|"PESCADOS Y CRUSTACEOS, MOLUSCOS Y DEMAS INVERTEBRADOS ACUATI"|52|1489859.8|2604232.96
20140724|37|"MAR DEL PLATA"|3|"PESCADOS Y CRUSTACEOS, MOLUSCOS Y DEMAS INVERTEBRADOS ACUATI"|54|1377802.34|2832937.51
20140722|37|"MAR DEL PLATA"|3|"PESCADOS Y CRUSTACEOS, MOLUSCOS Y DEMAS INVERTEBRADOS ACUATI"|66|1442181.58|4582641.81
20141220|37|"MAR DEL PLATA"|3|"PESCADOS Y CRUSTACEOS, MOLUSCOS Y DEMAS INVERTEBRADOS ACUATI"|9|258166.4|933232.34
20140912|37|"MAR DEL PLATA"|3|"PESCADOS Y CRUSTACEOS, MOLUSCOS Y DEMAS INVERTEBRADOS ACUATI"|59|1398433.89|3752898.38
20140925|37|"MAR DEL PLATA"|3|"PESCADOS Y CRUSTACEOS, MOLUSCOS Y DEMAS INVERTEBRADOS ACUATI"|44|1079148.04|3057000.97
20141121|37|"MAR DEL PLATA"|3|"PESCADOS Y CRUSTACEOS, MOLUSCOS Y DEMAS INVERTEBRADOS ACUATI"|62|1586103.5|6344731.43
20140824|37|"MAR DEL PLATA"|3|"PESCADOS Y CRUSTACEOS, MOLUSCOS Y DEMAS INVERTEBRADOS ACUATI"|6|81516.9|185350.38
20141218|37|"MAR DEL PLATA"|3|"PESCADOS Y CRUSTACEOS, MOLUSCOS Y DEMAS INVERTEBRADOS ACUATI"|40|983759|2331204.86
20141113|37|"MAR DEL PLATA"|3|"PESCADOS Y CRUSTACEOS, MOLUSCOS Y DEMAS INVERTEBRADOS ACUATI"|46|1315600.5|3843866.86
20141126|37|"MAR DEL PLATA"|3|"PESCADOS Y CRUSTACEOS, MOLUSCOS Y DEMAS INVERTEBRADOS ACUATI"|70|1725280.98|3706109.28
20141030|37|"MAR DEL PLATA"|3|"PESCADOS Y CRUSTACEOS, MOLUSCOS Y DEMAS INVERTEBRADOS ACUATI"|62|1241489.9|2754004.39
20140819|37|"MAR DEL PLATA"|3|"PESCADOS Y CRUSTACEOS, MOLUSCOS Y DEMAS INVERTEBRADOS ACUATI"|74|1816177.08|3247246.63
20140417|37|"MAR DEL PLATA"|3|"PESCADOS Y CRUSTACEOS, MOLUSCOS Y DEMAS INVERTEBRADOS ACUATI"|14|372702.2|741315.42
20140424|37|"MAR DEL PLATA"|3|"PESCADOS Y CRUSTACEOS, MOLUSCOS Y DEMAS INVERTEBRADOS ACUATI"|70|1818500.1|3682354.64
20140415|37|"MAR DEL PLATA"|3|"PESCADOS Y CRUSTACEOS, MOLUSCOS Y DEMAS INVERTEBRADOS ACUATI"|54|1417731.14|4613588.87
20140611|37|"MAR DEL PLATA"|3|"PESCADOS Y CRUSTACEOS, MOLUSCOS Y DEMAS INVERTEBRADOS ACUATI"|51|2004243.95|3350057.15
20140527|37|"MAR DEL PLATA"|3|"PESCADOS Y CRUSTACEOS, MOLUSCOS Y DEMAS INVERTEBRADOS ACUATI"|72|4617349.1|10010401.92
20140625|37|"MAR DEL PLATA"|3|"PESCADOS Y CRUSTACEOS, MOLUSCOS Y DEMAS INVERTEBRADOS ACUATI"|87|2783022.04|4423154.38
20140521|37|"MAR DEL PLATA"|3|"PESCADOS Y CRUSTACEOS, MOLUSCOS Y DEMAS INVERTEBRADOS ACUATI"|114|3941346.02|8384069.7
20140307|37|"MAR DEL PLATA"|3|"PESCADOS Y CRUSTACEOS, MOLUSCOS Y DEMAS INVERTEBRADOS ACUATI"|70|2614975.65|7193254.55
20140313|37|"MAR DEL PLATA"|3|"PESCADOS Y CRUSTACEOS, MOLUSCOS Y DEMAS INVERTEBRADOS ACUATI"|43|1724402|4113479.33
20140605|37|"MAR DEL PLATA"|3|"PESCADOS Y CRUSTACEOS, MOLUSCOS Y DEMAS INVERTEBRADOS ACUATI"|77|2144522.22|4890550.29
20140212|37|"MAR DEL PLATA"|3|"PESCADOS Y CRUSTACEOS, MOLUSCOS Y DEMAS INVERTEBRADOS ACUATI"|47|1118633|2450494.96
20140130|37|"MAR DEL PLATA"|3|"PESCADOS Y CRUSTACEOS, MOLUSCOS Y DEMAS INVERTEBRADOS ACUATI"|51|1434223.2|3569907.58
20140829|37|"MAR DEL PLATA"|3|"PESCADOS Y CRUSTACEOS, MOLUSCOS Y DEMAS INVERTEBRADOS ACUATI"|41|900143.08|1996191.83
20140909|37|"MAR DEL PLATA"|3|"PESCADOS Y CRUSTACEOS, MOLUSCOS Y DEMAS INVERTEBRADOS ACUATI"|67|1897243.54|4466832
20141018|37|"MAR DEL PLATA"|3|"PESCADOS Y CRUSTACEOS, MOLUSCOS Y DEMAS INVERTEBRADOS ACUATI"|5|167748.05|491986.61
20141205|37|"MAR DEL PLATA"|3|"PESCADOS Y CRUSTACEOS, MOLUSCOS Y DEMAS INVERTEBRADOS ACUATI"|42|1018849.13|4011309.28
20140419|37|"MAR DEL PLATA"|3|"PESCADOS Y CRUSTACEOS, MOLUSCOS Y DEMAS INVERTEBRADOS ACUATI"|6|133242.2|187061.26
20140814|37|"MAR DEL PLATA"|3|"PESCADOS Y CRUSTACEOS, MOLUSCOS Y DEMAS INVERTEBRADOS ACUATI"|62|1838454.88|3693618.16
20140806|37|"MAR DEL PLATA"|3|"PESCADOS Y CRUSTACEOS, MOLUSCOS Y DEMAS INVERTEBRADOS ACUATI"|63|1549605.96|3147215.95
20141028|37|"MAR DEL PLATA"|3|"PESCADOS Y CRUSTACEOS, MOLUSCOS Y DEMAS INVERTEBRADOS ACUATI"|45|1402625.72|3940071.92
20141115|37|"MAR DEL PLATA"|3|"PESCADOS Y CRUSTACEOS, MOLUSCOS Y DEMAS INVERTEBRADOS ACUATI"|8|114689.04|258815.69
20140517|37|"MAR DEL PLATA"|3|"PESCADOS Y CRUSTACEOS, MOLUSCOS Y DEMAS INVERTEBRADOS ACUATI"|5|270898.56|494220.1
20140911|37|"MAR DEL PLATA"|3|"PESCADOS Y CRUSTACEOS, MOLUSCOS Y DEMAS INVERTEBRADOS ACUATI"|65|1262590.65|3187450.21
20140616|37|"MAR DEL PLATA"|3|"PESCADOS Y CRUSTACEOS, MOLUSCOS Y DEMAS INVERTEBRADOS ACUATI"|36|1591497.1|3203339.07
20140808|37|"MAR DEL PLATA"|3|"PESCADOS Y CRUSTACEOS, MOLUSCOS Y DEMAS INVERTEBRADOS ACUATI"|44|1006103.27|2238466.45
20141217|37|"MAR DEL PLATA"|3|"PESCADOS Y CRUSTACEOS, MOLUSCOS Y DEMAS INVERTEBRADOS ACUATI"|61|1444867.94|3099309.54
20141027|37|"MAR DEL PLATA"|3|"PESCADOS Y CRUSTACEOS, MOLUSCOS Y DEMAS INVERTEBRADOS ACUATI"|45|1036206.36|3247399.27
20140619|37|"MAR DEL PLATA"|3|"PESCADOS Y CRUSTACEOS, MOLUSCOS Y DEMAS INVERTEBRADOS ACUATI"|65|2043881.67|3575747.04
20141231|37|"MAR DEL PLATA"|3|"PESCADOS Y CRUSTACEOS, MOLUSCOS Y DEMAS INVERTEBRADOS ACUATI"|6|45536.5|133877.51
20140716|37|"MAR DEL PLATA"|3|"PESCADOS Y CRUSTACEOS, MOLUSCOS Y DEMAS INVERTEBRADOS ACUATI"|66|1899999.89|3737289.51
20140106|37|"MAR DEL PLATA"|3|"PESCADOS Y CRUSTACEOS, MOLUSCOS Y DEMAS INVERTEBRADOS ACUATI"|8|190793|496667.28
20141118|37|"MAR DEL PLATA"|3|"PESCADOS Y CRUSTACEOS, MOLUSCOS Y DEMAS INVERTEBRADOS ACUATI"|51|1173429.4|2857099.84
20141110|37|"MAR DEL PLATA"|3|"PESCADOS Y CRUSTACEOS, MOLUSCOS Y DEMAS INVERTEBRADOS ACUATI"|39|889519.72|2045549.39
20140421|37|"MAR DEL PLATA"|3|"PESCADOS Y CRUSTACEOS, MOLUSCOS Y DEMAS INVERTEBRADOS ACUATI"|76|2065159.76|3941984.65
20140513|37|"MAR DEL PLATA"|3|"PESCADOS Y CRUSTACEOS, MOLUSCOS Y DEMAS INVERTEBRADOS ACUATI"|49|2141186|3373663.91
20140520|37|"MAR DEL PLATA"|3|"PESCADOS Y CRUSTACEOS, MOLUSCOS Y DEMAS INVERTEBRADOS ACUATI"|49|2226071.76|3501868.79
20140602|37|"MAR DEL PLATA"|3|"PESCADOS Y CRUSTACEOS, MOLUSCOS Y DEMAS INVERTEBRADOS ACUATI"|76|2506468.95|4346840.24
20140514|37|"MAR DEL PLATA"|3|"PESCADOS Y CRUSTACEOS, MOLUSCOS Y DEMAS INVERTEBRADOS ACUATI"|83|3376057.51|7835638.51
20140116|37|"MAR DEL PLATA"|3|"PESCADOS Y CRUSTACEOS, MOLUSCOS Y DEMAS INVERTEBRADOS ACUATI"|44|1323142.09|3004109.94
20140306|37|"MAR DEL PLATA"|3|"PESCADOS Y CRUSTACEOS, MOLUSCOS Y DEMAS INVERTEBRADOS ACUATI"|87|2749894.61|4894075.38
20140515|37|"MAR DEL PLATA"|3|"PESCADOS Y CRUSTACEOS, MOLUSCOS Y DEMAS INVERTEBRADOS ACUATI"|75|1630477.13|3086306.22
20140128|37|"MAR DEL PLATA"|3|"PESCADOS Y CRUSTACEOS, MOLUSCOS Y DEMAS INVERTEBRADOS ACUATI"|31|664362.39|1267523.1
20140312|37|"MAR DEL PLATA"|3|"PESCADOS Y CRUSTACEOS, MOLUSCOS Y DEMAS INVERTEBRADOS ACUATI"|56|1791658.8|3707468.22
20140408|37|"MAR DEL PLATA"|3|"PESCADOS Y CRUSTACEOS, MOLUSCOS Y DEMAS INVERTEBRADOS ACUATI"|49|1464581.4|2177422.14
20140509|37|"MAR DEL PLATA"|3|"PESCADOS Y CRUSTACEOS, MOLUSCOS Y DEMAS INVERTEBRADOS ACUATI"|63|2182360.28|3647354.24
20140821|37|"MAR DEL PLATA"|3|"PESCADOS Y CRUSTACEOS, MOLUSCOS Y DEMAS INVERTEBRADOS ACUATI"|59|1745755.43|4540647.74
20141002|37|"MAR DEL PLATA"|3|"PESCADOS Y CRUSTACEOS, MOLUSCOS Y DEMAS INVERTEBRADOS ACUATI"|84|1974415.95|4858570.09
20140710|37|"MAR DEL PLATA"|3|"PESCADOS Y CRUSTACEOS, MOLUSCOS Y DEMAS INVERTEBRADOS ACUATI"|76|2087803.05|4350325.89
20140811|37|"MAR DEL PLATA"|3|"PESCADOS Y CRUSTACEOS, MOLUSCOS Y DEMAS INVERTEBRADOS ACUATI"|72|1299142.78|4017596.34
20140519|37|"MAR DEL PLATA"|3|"PESCADOS Y CRUSTACEOS, MOLUSCOS Y DEMAS INVERTEBRADOS ACUATI"|45|2056830.85|3300469.24
20141111|37|"MAR DEL PLATA"|3|"PESCADOS Y CRUSTACEOS, MOLUSCOS Y DEMAS INVERTEBRADOS ACUATI"|47|1159816.96|2842255.73
20140701|37|"MAR DEL PLATA"|3|"PESCADOS Y CRUSTACEOS, MOLUSCOS Y DEMAS INVERTEBRADOS ACUATI"|60|4112360.8|5269617.59
20140111|37|"MAR DEL PLATA"|3|"PESCADOS Y CRUSTACEOS, MOLUSCOS Y DEMAS INVERTEBRADOS ACUATI"|6|179477|255186.19
20140828|37|"MAR DEL PLATA"|3|"PESCADOS Y CRUSTACEOS, MOLUSCOS Y DEMAS INVERTEBRADOS ACUATI"|66|1837729.24|4129073.97
20140315|37|"MAR DEL PLATA"|3|"PESCADOS Y CRUSTACEOS, MOLUSCOS Y DEMAS INVERTEBRADOS ACUATI"|10|187201|340109.51
20140430|37|"MAR DEL PLATA"|3|"PESCADOS Y CRUSTACEOS, MOLUSCOS Y DEMAS INVERTEBRADOS ACUATI"|46|992633|2173844.42
20141103|37|"MAR DEL PLATA"|3|"PESCADOS Y CRUSTACEOS, MOLUSCOS Y DEMAS INVERTEBRADOS ACUATI"|52|1008878.1|2754595.13
20141129|37|"MAR DEL PLATA"|3|"PESCADOS Y CRUSTACEOS, MOLUSCOS Y DEMAS INVERTEBRADOS ACUATI"|4|227928|470462.38
20140801|37|"MAR DEL PLATA"|3|"PESCADOS Y CRUSTACEOS, MOLUSCOS Y DEMAS INVERTEBRADOS ACUATI"|51|1420992.11|3729295.71
20141120|37|"MAR DEL PLATA"|3|"PESCADOS Y CRUSTACEOS, MOLUSCOS Y DEMAS INVERTEBRADOS ACUATI"|42|1169820.64|3175551.06
20141119|37|"MAR DEL PLATA"|3|"PESCADOS Y CRUSTACEOS, MOLUSCOS Y DEMAS INVERTEBRADOS ACUATI"|54|1686540.38|3725024.43
20141209|37|"MAR DEL PLATA"|3|"PESCADOS Y CRUSTACEOS, MOLUSCOS Y DEMAS INVERTEBRADOS ACUATI"|38|980707.56|2279544.86
20140725|37|"MAR DEL PLATA"|3|"PESCADOS Y CRUSTACEOS, MOLUSCOS Y DEMAS INVERTEBRADOS ACUATI"|68|3335393.23|5311704.88
20140906|37|"MAR DEL PLATA"|3|"PESCADOS Y CRUSTACEOS, MOLUSCOS Y DEMAS INVERTEBRADOS ACUATI"|25|580659|1175261.91
20140827|37|"MAR DEL PLATA"|3|"PESCADOS Y CRUSTACEOS, MOLUSCOS Y DEMAS INVERTEBRADOS ACUATI"|67|1952007.29|4608987.62
20140205|37|"MAR DEL PLATA"|3|"PESCADOS Y CRUSTACEOS, MOLUSCOS Y DEMAS INVERTEBRADOS ACUATI"|38|1190041.64|3789627.98
20140220|37|"MAR DEL PLATA"|3|"PESCADOS Y CRUSTACEOS, MOLUSCOS Y DEMAS INVERTEBRADOS ACUATI"|64|1034883.73|2937487.42
20140503|37|"MAR DEL PLATA"|3|"PESCADOS Y CRUSTACEOS, MOLUSCOS Y DEMAS INVERTEBRADOS ACUATI"|4|64502|158316.2
20140626|37|"MAR DEL PLATA"|3|"PESCADOS Y CRUSTACEOS, MOLUSCOS Y DEMAS INVERTEBRADOS ACUATI"|74|2222150.66|4424617.67
20140506|37|"MAR DEL PLATA"|3|"PESCADOS Y CRUSTACEOS, MOLUSCOS Y DEMAS INVERTEBRADOS ACUATI"|67|1731592.37|3087314.1
20140115|37|"MAR DEL PLATA"|3|"PESCADOS Y CRUSTACEOS, MOLUSCOS Y DEMAS INVERTEBRADOS ACUATI"|40|894714.49|2428481.28
20140319|37|"MAR DEL PLATA"|3|"PESCADOS Y CRUSTACEOS, MOLUSCOS Y DEMAS INVERTEBRADOS ACUATI"|55|1655748.06|4537944.99
20140326|37|"MAR DEL PLATA"|3|"PESCADOS Y CRUSTACEOS, MOLUSCOS Y DEMAS INVERTEBRADOS ACUATI"|61|2377344.12|3823336.67
20140403|37|"MAR DEL PLATA"|3|"PESCADOS Y CRUSTACEOS, MOLUSCOS Y DEMAS INVERTEBRADOS ACUATI"|83|2004448.92|4432638
20140404|37|"MAR DEL PLATA"|3|"PESCADOS Y CRUSTACEOS, MOLUSCOS Y DEMAS INVERTEBRADOS ACUATI"|60|2114540.18|4638428.48
20140401|37|"MAR DEL PLATA"|3|"PESCADOS Y CRUSTACEOS, MOLUSCOS Y DEMAS INVERTEBRADOS ACUATI"|90|3211196.45|7001325.23
20140305|37|"MAR DEL PLATA"|3|"PESCADOS Y CRUSTACEOS, MOLUSCOS Y DEMAS INVERTEBRADOS ACUATI"|81|1849019.1|5609808.27
20140512|37|"MAR DEL PLATA"|3|"PESCADOS Y CRUSTACEOS, MOLUSCOS Y DEMAS INVERTEBRADOS ACUATI"|60|2383114.71|3740891.51
20140120|37|"MAR DEL PLATA"|3|"PESCADOS Y CRUSTACEOS, MOLUSCOS Y DEMAS INVERTEBRADOS ACUATI"|37|1113661.12|2162866.9
20140809|37|"MAR DEL PLATA"|3|"PESCADOS Y CRUSTACEOS, MOLUSCOS Y DEMAS INVERTEBRADOS ACUATI"|6|84580.5|243156.8
20141108|37|"MAR DEL PLATA"|3|"PESCADOS Y CRUSTACEOS, MOLUSCOS Y DEMAS INVERTEBRADOS ACUATI"|4|62900.8|244752
20141020|37|"MAR DEL PLATA"|3|"PESCADOS Y CRUSTACEOS, MOLUSCOS Y DEMAS INVERTEBRADOS ACUATI"|47|1119961.12|2690008.61
20140919|37|"MAR DEL PLATA"|3|"PESCADOS Y CRUSTACEOS, MOLUSCOS Y DEMAS INVERTEBRADOS ACUATI"|43|1047518.5|2260538.04
20141022|37|"MAR DEL PLATA"|3|"PESCADOS Y CRUSTACEOS, MOLUSCOS Y DEMAS INVERTEBRADOS ACUATI"|43|993580.86|2030335.93
20140129|37|"MAR DEL PLATA"|3|"PESCADOS Y CRUSTACEOS, MOLUSCOS Y DEMAS INVERTEBRADOS ACUATI"|16|580830|1341764.68
20141001|37|"MAR DEL PLATA"|3|"PESCADOS Y CRUSTACEOS, MOLUSCOS Y DEMAS INVERTEBRADOS ACUATI"|40|1022491.12|1914581.22
20141023|37|"MAR DEL PLATA"|3|"PESCADOS Y CRUSTACEOS, MOLUSCOS Y DEMAS INVERTEBRADOS ACUATI"|44|1154624.9|2694741.81
20140916|37|"MAR DEL PLATA"|3|"PESCADOS Y CRUSTACEOS, MOLUSCOS Y DEMAS INVERTEBRADOS ACUATI"|45|1083693.73|2916113.32
20140902|37|"MAR DEL PLATA"|3|"PESCADOS Y CRUSTACEOS, MOLUSCOS Y DEMAS INVERTEBRADOS ACUATI"|90|2617143.62|5512445.67
20140402|37|"MAR DEL PLATA"|3|"PESCADOS Y CRUSTACEOS, MOLUSCOS Y DEMAS INVERTEBRADOS ACUATI"|5|132470.44|706916.6
20140524|37|"MAR DEL PLATA"|3|"PESCADOS Y CRUSTACEOS, MOLUSCOS Y DEMAS INVERTEBRADOS ACUATI"|6|57177|215587.81
20140301|37|"MAR DEL PLATA"|3|"PESCADOS Y CRUSTACEOS, MOLUSCOS Y DEMAS INVERTEBRADOS ACUATI"|8|125124|340002.68
20141106|37|"MAR DEL PLATA"|3|"PESCADOS Y CRUSTACEOS, MOLUSCOS Y DEMAS INVERTEBRADOS ACUATI"|59|1214749.53|3130878.27
20140717|37|"MAR DEL PLATA"|3|"PESCADOS Y CRUSTACEOS, MOLUSCOS Y DEMAS INVERTEBRADOS ACUATI"|67|1571870.71|4648488.76
20140805|37|"MAR DEL PLATA"|3|"PESCADOS Y CRUSTACEOS, MOLUSCOS Y DEMAS INVERTEBRADOS ACUATI"|57|1259281.78|2666172.7
20140815|37|"MAR DEL PLATA"|3|"PESCADOS Y CRUSTACEOS, MOLUSCOS Y DEMAS INVERTEBRADOS ACUATI"|75|2047833.5|4464587.99
20141015|37|"MAR DEL PLATA"|3|"PESCADOS Y CRUSTACEOS, MOLUSCOS Y DEMAS INVERTEBRADOS ACUATI"|62|1476804.15|4644712.96
20140124|37|"MAR DEL PLATA"|3|"PESCADOS Y CRUSTACEOS, MOLUSCOS Y DEMAS INVERTEBRADOS ACUATI"|40|1118380.96|4629797.54
20141128|37|"MAR DEL PLATA"|3|"PESCADOS Y CRUSTACEOS, MOLUSCOS Y DEMAS INVERTEBRADOS ACUATI"|40|1255437.33|3707344.12
20140825|37|"MAR DEL PLATA"|3|"PESCADOS Y CRUSTACEOS, MOLUSCOS Y DEMAS INVERTEBRADOS ACUATI"|47|1023410.5|2752054.28
20140110|37|"MAR DEL PLATA"|3|"PESCADOS Y CRUSTACEOS, MOLUSCOS Y DEMAS INVERTEBRADOS ACUATI"|30|702057.19|1581325.64
20140802|37|"MAR DEL PLATA"|3|"PESCADOS Y CRUSTACEOS, MOLUSCOS Y DEMAS INVERTEBRADOS ACUATI"|7|139400|244720.2
20141029|37|"MAR DEL PLATA"|3|"PESCADOS Y CRUSTACEOS, MOLUSCOS Y DEMAS INVERTEBRADOS ACUATI"|56|1618571.99|3939738.05
20140114|37|"MAR DEL PLATA"|3|"PESCADOS Y CRUSTACEOS, MOLUSCOS Y DEMAS INVERTEBRADOS ACUATI"|45|1138537.8|2270078.98
20140221|37|"MAR DEL PLATA"|3|"PESCADOS Y CRUSTACEOS, MOLUSCOS Y DEMAS INVERTEBRADOS ACUATI"|58|1989715.14|3370277.1
20140308|37|"MAR DEL PLATA"|3|"PESCADOS Y CRUSTACEOS, MOLUSCOS Y DEMAS INVERTEBRADOS ACUATI"|4|70000|265412
20140318|37|"MAR DEL PLATA"|3|"PESCADOS Y CRUSTACEOS, MOLUSCOS Y DEMAS INVERTEBRADOS ACUATI"|85|2790499.36|4294340.3
20140528|37|"MAR DEL PLATA"|3|"PESCADOS Y CRUSTACEOS, MOLUSCOS Y DEMAS INVERTEBRADOS ACUATI"|90|2146339.88|4387554.98
20140604|37|"MAR DEL PLATA"|3|"PESCADOS Y CRUSTACEOS, MOLUSCOS Y DEMAS INVERTEBRADOS ACUATI"|84|2500998.41|4731245.9
20140618|37|"MAR DEL PLATA"|3|"PESCADOS Y CRUSTACEOS, MOLUSCOS Y DEMAS INVERTEBRADOS ACUATI"|54|3191770.71|4509306.44
20140516|37|"MAR DEL PLATA"|3|"PESCADOS Y CRUSTACEOS, MOLUSCOS Y DEMAS INVERTEBRADOS ACUATI"|43|1351189.36|2460465.93
20140217|37|"MAR DEL PLATA"|3|"PESCADOS Y CRUSTACEOS, MOLUSCOS Y DEMAS INVERTEBRADOS ACUATI"|41|975164.79|2591670.37
20140612|37|"MAR DEL PLATA"|3|"PESCADOS Y CRUSTACEOS, MOLUSCOS Y DEMAS INVERTEBRADOS ACUATI"|62|2415935.7|4543163.43
20140203|37|"MAR DEL PLATA"|3|"PESCADOS Y CRUSTACEOS, MOLUSCOS Y DEMAS INVERTEBRADOS ACUATI"|48|1004659.04|4045452.71
20140508|37|"MAR DEL PLATA"|3|"PESCADOS Y CRUSTACEOS, MOLUSCOS Y DEMAS INVERTEBRADOS ACUATI"|70|3007716.06|5096977.25
20140226|37|"MAR DEL PLATA"|3|"PESCADOS Y CRUSTACEOS, MOLUSCOS Y DEMAS INVERTEBRADOS ACUATI"|49|2298013.7|4655775.69
20140211|37|"MAR DEL PLATA"|3|"PESCADOS Y CRUSTACEOS, MOLUSCOS Y DEMAS INVERTEBRADOS ACUATI"|26|746797.01|1663643.24
20140314|37|"MAR DEL PLATA"|3|"PESCADOS Y CRUSTACEOS, MOLUSCOS Y DEMAS INVERTEBRADOS ACUATI"|33|902045|2070326.95
20140331|37|"MAR DEL PLATA"|3|"PESCADOS Y CRUSTACEOS, MOLUSCOS Y DEMAS INVERTEBRADOS ACUATI"|43|1081127.53|2708314.05
20140428|37|"MAR DEL PLATA"|3|"PESCADOS Y CRUSTACEOS, MOLUSCOS Y DEMAS INVERTEBRADOS ACUATI"|52|1364349.9|3743490.86
20141127|37|"MAR DEL PLATA"|3|"PESCADOS Y CRUSTACEOS, MOLUSCOS Y DEMAS INVERTEBRADOS ACUATI"|54|1081437.25|2918939.35
20140926|37|"MAR DEL PLATA"|3|"PESCADOS Y CRUSTACEOS, MOLUSCOS Y DEMAS INVERTEBRADOS ACUATI"|69|1394602.75|3504087.05
20140905|37|"MAR DEL PLATA"|3|"PESCADOS Y CRUSTACEOS, MOLUSCOS Y DEMAS INVERTEBRADOS ACUATI"|48|874481.73|2093092.42
20141211|37|"MAR DEL PLATA"|3|"PESCADOS Y CRUSTACEOS, MOLUSCOS Y DEMAS INVERTEBRADOS ACUATI"|75|1220834.18|3303619.53
20141222|37|"MAR DEL PLATA"|3|"PESCADOS Y CRUSTACEOS, MOLUSCOS Y DEMAS INVERTEBRADOS ACUATI"|40|1190931.9|3081433.8
20140621|37|"MAR DEL PLATA"|3|"PESCADOS Y CRUSTACEOS, MOLUSCOS Y DEMAS INVERTEBRADOS ACUATI"|6|158774|354942.59
20140917|37|"MAR DEL PLATA"|3|"PESCADOS Y CRUSTACEOS, MOLUSCOS Y DEMAS INVERTEBRADOS ACUATI"|97|2616099.31|6529419.33
20140730|37|"MAR DEL PLATA"|3|"PESCADOS Y CRUSTACEOS, MOLUSCOS Y DEMAS INVERTEBRADOS ACUATI"|26|1229265.3|1877217.69
20141125|37|"MAR DEL PLATA"|3|"PESCADOS Y CRUSTACEOS, MOLUSCOS Y DEMAS INVERTEBRADOS ACUATI"|45|1167440.5|4274783.18
20140703|37|"MAR DEL PLATA"|3|"PESCADOS Y CRUSTACEOS, MOLUSCOS Y DEMAS INVERTEBRADOS ACUATI"|55|2642502.62|5180382.66
20140826|37|"MAR DEL PLATA"|3|"PESCADOS Y CRUSTACEOS, MOLUSCOS Y DEMAS INVERTEBRADOS ACUATI"|30|766785.9|1705577.3
20140416|37|"MAR DEL PLATA"|3|"PESCADOS Y CRUSTACEOS, MOLUSCOS Y DEMAS INVERTEBRADOS ACUATI"|29|2980639.65|6591668.49
20140929|37|"MAR DEL PLATA"|3|"PESCADOS Y CRUSTACEOS, MOLUSCOS Y DEMAS INVERTEBRADOS ACUATI"|29|547626.8|1195779.13
20141117|37|"MAR DEL PLATA"|3|"PESCADOS Y CRUSTACEOS, MOLUSCOS Y DEMAS INVERTEBRADOS ACUATI"|83|1964400.63|4820535.19
20140728|37|"MAR DEL PLATA"|3|"PESCADOS Y CRUSTACEOS, MOLUSCOS Y DEMAS INVERTEBRADOS ACUATI"|74|2419680.52|4401045.45
20140704|37|"MAR DEL PLATA"|3|"PESCADOS Y CRUSTACEOS, MOLUSCOS Y DEMAS INVERTEBRADOS ACUATI"|60|1422348.22|2703155.63
20140804|37|"MAR DEL PLATA"|3|"PESCADOS Y CRUSTACEOS, MOLUSCOS Y DEMAS INVERTEBRADOS ACUATI"|53|2433064.82|4077864.17
20141216|37|"MAR DEL PLATA"|3|"PESCADOS Y CRUSTACEOS, MOLUSCOS Y DEMAS INVERTEBRADOS ACUATI"|57|1474360.79|3300856.01
20140122|37|"MAR DEL PLATA"|3|"PESCADOS Y CRUSTACEOS, MOLUSCOS Y DEMAS INVERTEBRADOS ACUATI"|53|1217433.38|2636622.67
20140204|37|"MAR DEL PLATA"|3|"PESCADOS Y CRUSTACEOS, MOLUSCOS Y DEMAS INVERTEBRADOS ACUATI"|46|1022976.12|2669022.94
20140321|37|"MAR DEL PLATA"|3|"PESCADOS Y CRUSTACEOS, MOLUSCOS Y DEMAS INVERTEBRADOS ACUATI"|46|1586945.52|4127351
20140317|37|"MAR DEL PLATA"|3|"PESCADOS Y CRUSTACEOS, MOLUSCOS Y DEMAS INVERTEBRADOS ACUATI"|65|2216644.07|4442392.27
20140617|37|"MAR DEL PLATA"|3|"PESCADOS Y CRUSTACEOS, MOLUSCOS Y DEMAS INVERTEBRADOS ACUATI"|75|2615050.84|4892887.54
20140407|37|"MAR DEL PLATA"|3|"PESCADOS Y CRUSTACEOS, MOLUSCOS Y DEMAS INVERTEBRADOS ACUATI"|93|2430296.28|4712733.58
20140409|37|"MAR DEL PLATA"|3|"PESCADOS Y CRUSTACEOS, MOLUSCOS Y DEMAS INVERTEBRADOS ACUATI"|72|2599956.46|6084326.22
20140609|37|"MAR DEL PLATA"|3|"PESCADOS Y CRUSTACEOS, MOLUSCOS Y DEMAS INVERTEBRADOS ACUATI"|63|1460579.5|2973999.23
20140320|37|"MAR DEL PLATA"|3|"PESCADOS Y CRUSTACEOS, MOLUSCOS Y DEMAS INVERTEBRADOS ACUATI"|77|2289982.37|4738522.24
20140522|37|"MAR DEL PLATA"|3|"PESCADOS Y CRUSTACEOS, MOLUSCOS Y DEMAS INVERTEBRADOS ACUATI"|86|2701362.23|5063915.41
20140109|37|"MAR DEL PLATA"|3|"PESCADOS Y CRUSTACEOS, MOLUSCOS Y DEMAS INVERTEBRADOS ACUATI"|37|869950|3419255.83
20140813|37|"MAR DEL PLATA"|3|"PESCADOS Y CRUSTACEOS, MOLUSCOS Y DEMAS INVERTEBRADOS ACUATI"|45|1269920.8|3504258.38
20141016|37|"MAR DEL PLATA"|3|"PESCADOS Y CRUSTACEOS, MOLUSCOS Y DEMAS INVERTEBRADOS ACUATI"|52|1011058.1|3622279.98
20141202|37|"MAR DEL PLATA"|3|"PESCADOS Y CRUSTACEOS, MOLUSCOS Y DEMAS INVERTEBRADOS ACUATI"|43|884615.36|2310551.23
20141031|37|"MAR DEL PLATA"|3|"PESCADOS Y CRUSTACEOS, MOLUSCOS Y DEMAS INVERTEBRADOS ACUATI"|48|1393246.22|5725634.62
20140822|37|"MAR DEL PLATA"|3|"PESCADOS Y CRUSTACEOS, MOLUSCOS Y DEMAS INVERTEBRADOS ACUATI"|66|1816082.67|4332759.01
20140922|37|"MAR DEL PLATA"|3|"PESCADOS Y CRUSTACEOS, MOLUSCOS Y DEMAS INVERTEBRADOS ACUATI"|15|267002|723852.7
20141114|37|"MAR DEL PLATA"|3|"PESCADOS Y CRUSTACEOS, MOLUSCOS Y DEMAS INVERTEBRADOS ACUATI"|39|877726.58|2620752.95
20141003|37|"MAR DEL PLATA"|3|"PESCADOS Y CRUSTACEOS, MOLUSCOS Y DEMAS INVERTEBRADOS ACUATI"|47|1148754.24|2496319.32
20140222|37|"MAR DEL PLATA"|3|"PESCADOS Y CRUSTACEOS, MOLUSCOS Y DEMAS INVERTEBRADOS ACUATI"|5|101468.5|296168.3
20140712|37|"MAR DEL PLATA"|3|"PESCADOS Y CRUSTACEOS, MOLUSCOS Y DEMAS INVERTEBRADOS ACUATI"|16|200181.6|356249.46
20140901|37|"MAR DEL PLATA"|3|"PESCADOS Y CRUSTACEOS, MOLUSCOS Y DEMAS INVERTEBRADOS ACUATI"|64|1536843.01|4538428.46
20140903|37|"MAR DEL PLATA"|3|"PESCADOS Y CRUSTACEOS, MOLUSCOS Y DEMAS INVERTEBRADOS ACUATI"|75|1861033.52|3658008.98
20141014|37|"MAR DEL PLATA"|3|"PESCADOS Y CRUSTACEOS, MOLUSCOS Y DEMAS INVERTEBRADOS ACUATI"|84|1995660.66|4597573.05
20140405|37|"MAR DEL PLATA"|3|"PESCADOS Y CRUSTACEOS, MOLUSCOS Y DEMAS INVERTEBRADOS ACUATI"|5|162411|281418.15
20140812|37|"MAR DEL PLATA"|3|"PESCADOS Y CRUSTACEOS, MOLUSCOS Y DEMAS INVERTEBRADOS ACUATI"|37|787482.18|1516433.05
20140711|37|"MAR DEL PLATA"|3|"PESCADOS Y CRUSTACEOS, MOLUSCOS Y DEMAS INVERTEBRADOS ACUATI"|50|2191261.73|3427636.02
20140923|37|"MAR DEL PLATA"|3|"PESCADOS Y CRUSTACEOS, MOLUSCOS Y DEMAS INVERTEBRADOS ACUATI"|84|1745932.87|4225457.16
20140718|37|"MAR DEL PLATA"|3|"PESCADOS Y CRUSTACEOS, MOLUSCOS Y DEMAS INVERTEBRADOS ACUATI"|88|2345528.28|4793553.46
20140823|37|"MAR DEL PLATA"|3|"PESCADOS Y CRUSTACEOS, MOLUSCOS Y DEMAS INVERTEBRADOS ACUATI"|5|118010.4|260487.76
20140228|37|"MAR DEL PLATA"|3|"PESCADOS Y CRUSTACEOS, MOLUSCOS Y DEMAS INVERTEBRADOS ACUATI"|40|923843.68|2222032.67
20140311|37|"MAR DEL PLATA"|3|"PESCADOS Y CRUSTACEOS, MOLUSCOS Y DEMAS INVERTEBRADOS ACUATI"|65|1885031.63|3623330.85
20140606|37|"MAR DEL PLATA"|3|"PESCADOS Y CRUSTACEOS, MOLUSCOS Y DEMAS INVERTEBRADOS ACUATI"|53|1616826.52|3102621.68
20140613|37|"MAR DEL PLATA"|3|"PESCADOS Y CRUSTACEOS, MOLUSCOS Y DEMAS INVERTEBRADOS ACUATI"|71|3459879.47|5047423.74
20140714|37|"MAR DEL PLATA"|3|"PESCADOS Y CRUSTACEOS, MOLUSCOS Y DEMAS INVERTEBRADOS ACUATI"|28|697643.5|2679874.56
20140206|37|"MAR DEL PLATA"|3|"PESCADOS Y CRUSTACEOS, MOLUSCOS Y DEMAS INVERTEBRADOS ACUATI"|49|1383180.2|3590150.28
20140327|37|"MAR DEL PLATA"|3|"PESCADOS Y CRUSTACEOS, MOLUSCOS Y DEMAS INVERTEBRADOS ACUATI"|61|2013321.9|4472759.67
20140107|37|"MAR DEL PLATA"|3|"PESCADOS Y CRUSTACEOS, MOLUSCOS Y DEMAS INVERTEBRADOS ACUATI"|38|973570.16|2766571.66
20140123|37|"MAR DEL PLATA"|3|"PESCADOS Y CRUSTACEOS, MOLUSCOS Y DEMAS INVERTEBRADOS ACUATI"|36|955997.88|2436166.8
20140414|37|"MAR DEL PLATA"|3|"PESCADOS Y CRUSTACEOS, MOLUSCOS Y DEMAS INVERTEBRADOS ACUATI"|76|2574030.52|4889202.93
20140425|37|"MAR DEL PLATA"|3|"PESCADOS Y CRUSTACEOS, MOLUSCOS Y DEMAS INVERTEBRADOS ACUATI"|73|2852700.25|6371979.73
20140526|37|"MAR DEL PLATA"|3|"PESCADOS Y CRUSTACEOS, MOLUSCOS Y DEMAS INVERTEBRADOS ACUATI"|65|3204971.52|5304888.34
20140624|37|"MAR DEL PLATA"|3|"PESCADOS Y CRUSTACEOS, MOLUSCOS Y DEMAS INVERTEBRADOS ACUATI"|69|1590557.08|4413118.52
20140623|37|"MAR DEL PLATA"|3|"PESCADOS Y CRUSTACEOS, MOLUSCOS Y DEMAS INVERTEBRADOS ACUATI"|56|1802926.7|3784970.34
20140127|37|"MAR DEL PLATA"|3|"PESCADOS Y CRUSTACEOS, MOLUSCOS Y DEMAS INVERTEBRADOS ACUATI"|37|1178070.3|3305332.76
20140310|37|"MAR DEL PLATA"|3|"PESCADOS Y CRUSTACEOS, MOLUSCOS Y DEMAS INVERTEBRADOS ACUATI"|58|1674874.96|4492234.97
20140529|37|"MAR DEL PLATA"|3|"PESCADOS Y CRUSTACEOS, MOLUSCOS Y DEMAS INVERTEBRADOS ACUATI"|59|1589764.23|2811572.14
20140218|37|"MAR DEL PLATA"|3|"PESCADOS Y CRUSTACEOS, MOLUSCOS Y DEMAS INVERTEBRADOS ACUATI"|44|1097179.8|2974319.24
20140113|37|"MAR DEL PLATA"|3|"PESCADOS Y CRUSTACEOS, MOLUSCOS Y DEMAS INVERTEBRADOS ACUATI"|39|1079428.4|2300428.32
20140121|37|"MAR DEL PLATA"|3|"PESCADOS Y CRUSTACEOS, MOLUSCOS Y DEMAS INVERTEBRADOS ACUATI"|51|1039186.66|2371836.55
20141104|37|"MAR DEL PLATA"|3|"PESCADOS Y CRUSTACEOS, MOLUSCOS Y DEMAS INVERTEBRADOS ACUATI"|49|1046211.22|2588406.29
20141212|37|"MAR DEL PLATA"|3|"PESCADOS Y CRUSTACEOS, MOLUSCOS Y DEMAS INVERTEBRADOS ACUATI"|44|842022.41|2251001.28
20140807|37|"MAR DEL PLATA"|3|"PESCADOS Y CRUSTACEOS, MOLUSCOS Y DEMAS INVERTEBRADOS ACUATI"|74|1703697.2|3983453.49
20140915|37|"MAR DEL PLATA"|3|"PESCADOS Y CRUSTACEOS, MOLUSCOS Y DEMAS INVERTEBRADOS ACUATI"|80|1745086.34|4721849.35
20140920|37|"MAR DEL PLATA"|3|"PESCADOS Y CRUSTACEOS, MOLUSCOS Y DEMAS INVERTEBRADOS ACUATI"|8|170163.68|354644.6
20141017|37|"MAR DEL PLATA"|3|"PESCADOS Y CRUSTACEOS, MOLUSCOS Y DEMAS INVERTEBRADOS ACUATI"|60|1141249.39|4364966.66
20140715|37|"MAR DEL PLATA"|3|"PESCADOS Y CRUSTACEOS, MOLUSCOS Y DEMAS INVERTEBRADOS ACUATI"|53|1976952.98|3054627.12
20140429|37|"MAR DEL PLATA"|3|"PESCADOS Y CRUSTACEOS, MOLUSCOS Y DEMAS INVERTEBRADOS ACUATI"|17|389645.64|849994.39
20140709|37|"MAR DEL PLATA"|3|"PESCADOS Y CRUSTACEOS, MOLUSCOS Y DEMAS INVERTEBRADOS ACUATI"|4|46000|66865
20141223|37|"MAR DEL PLATA"|3|"PESCADOS Y CRUSTACEOS, MOLUSCOS Y DEMAS INVERTEBRADOS ACUATI"|41|846941.3|2173292.44
20140930|37|"MAR DEL PLATA"|3|"PESCADOS Y CRUSTACEOS, MOLUSCOS Y DEMAS INVERTEBRADOS ACUATI"|56|1610818.17|3890615.84
20140705|37|"MAR DEL PLATA"|3|"PESCADOS Y CRUSTACEOS, MOLUSCOS Y DEMAS INVERTEBRADOS ACUATI"|11|171168|431022.46
20140219|37|"MAR DEL PLATA"|3|"PESCADOS Y CRUSTACEOS, MOLUSCOS Y DEMAS INVERTEBRADOS ACUATI"|116|2990978.09|7280867.02
20140214|37|"MAR DEL PLATA"|3|"PESCADOS Y CRUSTACEOS, MOLUSCOS Y DEMAS INVERTEBRADOS ACUATI"|20|846482|2000159.12
20140224|37|"MAR DEL PLATA"|3|"PESCADOS Y CRUSTACEOS, MOLUSCOS Y DEMAS INVERTEBRADOS ACUATI"|59|2609907.5|5972989.01
20140411|37|"MAR DEL PLATA"|3|"PESCADOS Y CRUSTACEOS, MOLUSCOS Y DEMAS INVERTEBRADOS ACUATI"|80|2269666.2|4103280.07
20140423|37|"MAR DEL PLATA"|3|"PESCADOS Y CRUSTACEOS, MOLUSCOS Y DEMAS INVERTEBRADOS ACUATI"|61|1403776.38|3094561.76
20140505|37|"MAR DEL PLATA"|3|"PESCADOS Y CRUSTACEOS, MOLUSCOS Y DEMAS INVERTEBRADOS ACUATI"|58|1505892.84|5032144.12
20140610|37|"MAR DEL PLATA"|3|"PESCADOS Y CRUSTACEOS, MOLUSCOS Y DEMAS INVERTEBRADOS ACUATI"|79|3004012.33|5578401.62
20140207|37|"MAR DEL PLATA"|3|"PESCADOS Y CRUSTACEOS, MOLUSCOS Y DEMAS INVERTEBRADOS ACUATI"|58|1404323.99|4515100.77
20140325|37|"MAR DEL PLATA"|3|"PESCADOS Y CRUSTACEOS, MOLUSCOS Y DEMAS INVERTEBRADOS ACUATI"|74|2043195.33|4114151.6
20140422|37|"MAR DEL PLATA"|3|"PESCADOS Y CRUSTACEOS, MOLUSCOS Y DEMAS INVERTEBRADOS ACUATI"|92|3463307.42|5382740.99
20140227|37|"MAR DEL PLATA"|3|"PESCADOS Y CRUSTACEOS, MOLUSCOS Y DEMAS INVERTEBRADOS ACUATI"|59|1615571.62|2949510.09
20140225|37|"MAR DEL PLATA"|3|"PESCADOS Y CRUSTACEOS, MOLUSCOS Y DEMAS INVERTEBRADOS ACUATI"|47|1628291.74|3577192.99
20140322|37|"MAR DEL PLATA"|3|"PESCADOS Y CRUSTACEOS, MOLUSCOS Y DEMAS INVERTEBRADOS ACUATI"|5|89832|205836.7
20140603|37|"MAR DEL PLATA"|3|"PESCADOS Y CRUSTACEOS, MOLUSCOS Y DEMAS INVERTEBRADOS ACUATI"|60|1446088|2347010.14
20141112|37|"MAR DEL PLATA"|3|"PESCADOS Y CRUSTACEOS, MOLUSCOS Y DEMAS INVERTEBRADOS ACUATI"|62|1536210.45|4175367.79
20140721|37|"MAR DEL PLATA"|3|"PESCADOS Y CRUSTACEOS, MOLUSCOS Y DEMAS INVERTEBRADOS ACUATI"|72|2848367.54|5991150.61
20141010|37|"MAR DEL PLATA"|3|"PESCADOS Y CRUSTACEOS, MOLUSCOS Y DEMAS INVERTEBRADOS ACUATI"|31|774057|1834899.43
20141219|37|"MAR DEL PLATA"|3|"PESCADOS Y CRUSTACEOS, MOLUSCOS Y DEMAS INVERTEBRADOS ACUATI"|63|957435.14|2286212.18
20140918|37|"MAR DEL PLATA"|3|"PESCADOS Y CRUSTACEOS, MOLUSCOS Y DEMAS INVERTEBRADOS ACUATI"|30|577259.23|899698.63
20140803|37|"MAR DEL PLATA"|3|"PESCADOS Y CRUSTACEOS, MOLUSCOS Y DEMAS INVERTEBRADOS ACUATI"|5|58525.7|211252.66
20141105|37|"MAR DEL PLATA"|3|"PESCADOS Y CRUSTACEOS, MOLUSCOS Y DEMAS INVERTEBRADOS ACUATI"|87|2023329.31|4694484.44
20141009|37|"MAR DEL PLATA"|3|"PESCADOS Y CRUSTACEOS, MOLUSCOS Y DEMAS INVERTEBRADOS ACUATI"|59|1428732.03|3509291.41
20140910|37|"MAR DEL PLATA"|3|"PESCADOS Y CRUSTACEOS, MOLUSCOS Y DEMAS INVERTEBRADOS ACUATI"|61|1462099.25|3734405.8
20141006|37|"MAR DEL PLATA"|3|"PESCADOS Y CRUSTACEOS, MOLUSCOS Y DEMAS INVERTEBRADOS ACUATI"|43|1530112.1|2810996.28
20140630|37|"MAR DEL PLATA"|3|"PESCADOS Y CRUSTACEOS, MOLUSCOS Y DEMAS INVERTEBRADOS ACUATI"|46|737559.49|2021819.56
20140924|37|"MAR DEL PLATA"|3|"PESCADOS Y CRUSTACEOS, MOLUSCOS Y DEMAS INVERTEBRADOS ACUATI"|47|1103803.72|2394517.25
20141021|37|"MAR DEL PLATA"|3|"PESCADOS Y CRUSTACEOS, MOLUSCOS Y DEMAS INVERTEBRADOS ACUATI"|88|2239535.1|5802371.1
20141227|37|"MAR DEL PLATA"|3|"PESCADOS Y CRUSTACEOS, MOLUSCOS Y DEMAS INVERTEBRADOS ACUATI"|4|45940|82824.5
20140731|37|"MAR DEL PLATA"|3|"PESCADOS Y CRUSTACEOS, MOLUSCOS Y DEMAS INVERTEBRADOS ACUATI"|51|1689180.55|3761037.97
20141215|37|"MAR DEL PLATA"|3|"PESCADOS Y CRUSTACEOS, MOLUSCOS Y DEMAS INVERTEBRADOS ACUATI"|48|1105702.6|3254942.19
20141007|37|"MAR DEL PLATA"|3|"PESCADOS Y CRUSTACEOS, MOLUSCOS Y DEMAS INVERTEBRADOS ACUATI"|81|1812273.34|4918611.74
20140927|37|"MAR DEL PLATA"|3|"PESCADOS Y CRUSTACEOS, MOLUSCOS Y DEMAS INVERTEBRADOS ACUATI"|12|373743.45|1320037.22
20141201|37|"MAR DEL PLATA"|3|"PESCADOS Y CRUSTACEOS, MOLUSCOS Y DEMAS INVERTEBRADOS ACUATI"|66|1380911.5|3789837.81
20140102|37|"MAR DEL PLATA"|3|"PESCADOS Y CRUSTACEOS, MOLUSCOS Y DEMAS INVERTEBRADOS ACUATI"|18|606148.8|1154108.6
20141008|37|"MAR DEL PLATA"|3|"PESCADOS Y CRUSTACEOS, MOLUSCOS Y DEMAS INVERTEBRADOS ACUATI"|59|1471147.84|5363474.53
20141230|37|"MAR DEL PLATA"|3|"PESCADOS Y CRUSTACEOS, MOLUSCOS Y DEMAS INVERTEBRADOS ACUATI"|54|882984.54|2462353.73
20141107|37|"MAR DEL PLATA"|3|"PESCADOS Y CRUSTACEOS, MOLUSCOS Y DEMAS INVERTEBRADOS ACUATI"|67|1386781.38|4921861.48
20140904|37|"MAR DEL PLATA"|3|"PESCADOS Y CRUSTACEOS, MOLUSCOS Y DEMAS INVERTEBRADOS ACUATI"|91|2088055.06|5423922.96
20140708|37|"MAR DEL PLATA"|3|"PESCADOS Y CRUSTACEOS, MOLUSCOS Y DEMAS INVERTEBRADOS ACUATI"|66|1819427.41|5298921.94
20141024|37|"MAR DEL PLATA"|3|"PESCADOS Y CRUSTACEOS, MOLUSCOS Y DEMAS INVERTEBRADOS ACUATI"|47|1263093.11|3004710.81
20141210|37|"MAR DEL PLATA"|3|"PESCADOS Y CRUSTACEOS, MOLUSCOS Y DEMAS INVERTEBRADOS ACUATI"|62|1918051|4259605.72
20140607|37|"MAR DEL PLATA"|3|"PESCADOS Y CRUSTACEOS, MOLUSCOS Y DEMAS INVERTEBRADOS ACUATI"|8|120642|244969.8
20150415|37|"MAR DEL PLATA"|3|"PESCADOS Y CRUSTACEOS, MOLUSCOS Y DEMAS INVERTEBRADOS ACUATI"|44|2105887.7|3046307.08
20150923|37|"MAR DEL PLATA"|3|"PESCADOS Y CRUSTACEOS, MOLUSCOS Y DEMAS INVERTEBRADOS ACUATI"|66|1609128.5|3736614.66
20150611|37|"MAR DEL PLATA"|3|"PESCADOS Y CRUSTACEOS, MOLUSCOS Y DEMAS INVERTEBRADOS ACUATI"|78|2222777.7|4164605.16
20150619|37|"MAR DEL PLATA"|3|"PESCADOS Y CRUSTACEOS, MOLUSCOS Y DEMAS INVERTEBRADOS ACUATI"|46|1445765.68|2645743.85
20150210|37|"MAR DEL PLATA"|3|"PESCADOS Y CRUSTACEOS, MOLUSCOS Y DEMAS INVERTEBRADOS ACUATI"|29|680665.65|1503118.15
20150306|37|"MAR DEL PLATA"|3|"PESCADOS Y CRUSTACEOS, MOLUSCOS Y DEMAS INVERTEBRADOS ACUATI"|59|4175153|5679414.21
20150806|37|"MAR DEL PLATA"|3|"PESCADOS Y CRUSTACEOS, MOLUSCOS Y DEMAS INVERTEBRADOS ACUATI"|45|1209585.47|3430859.09
20150909|37|"MAR DEL PLATA"|3|"PESCADOS Y CRUSTACEOS, MOLUSCOS Y DEMAS INVERTEBRADOS ACUATI"|62|1456791.92|4577585.73
20150518|37|"MAR DEL PLATA"|3|"PESCADOS Y CRUSTACEOS, MOLUSCOS Y DEMAS INVERTEBRADOS ACUATI"|49|4723906.1|5264059
20150703|37|"MAR DEL PLATA"|3|"PESCADOS Y CRUSTACEOS, MOLUSCOS Y DEMAS INVERTEBRADOS ACUATI"|56|2154363.96|5968221.56
20151002|37|"MAR DEL PLATA"|3|"PESCADOS Y CRUSTACEOS, MOLUSCOS Y DEMAS INVERTEBRADOS ACUATI"|44|1150396.6|5527151.88
20150723|37|"MAR DEL PLATA"|3|"PESCADOS Y CRUSTACEOS, MOLUSCOS Y DEMAS INVERTEBRADOS ACUATI"|35|774614.2|2030801.55
20151113|37|"MAR DEL PLATA"|3|"PESCADOS Y CRUSTACEOS, MOLUSCOS Y DEMAS INVERTEBRADOS ACUATI"|23|484754.5|1592066.6
20150409|37|"MAR DEL PLATA"|3|"PESCADOS Y CRUSTACEOS, MOLUSCOS Y DEMAS INVERTEBRADOS ACUATI"|44|1180495.3|2241976.81
20151202|37|"MAR DEL PLATA"|3|"PESCADOS Y CRUSTACEOS, MOLUSCOS Y DEMAS INVERTEBRADOS ACUATI"|48|1097128.46|2747285.97
20151030|37|"MAR DEL PLATA"|3|"PESCADOS Y CRUSTACEOS, MOLUSCOS Y DEMAS INVERTEBRADOS ACUATI"|38|920072|2305290.63
20151120|37|"MAR DEL PLATA"|3|"PESCADOS Y CRUSTACEOS, MOLUSCOS Y DEMAS INVERTEBRADOS ACUATI"|21|562229.8|1350882.1
20150213|37|"MAR DEL PLATA"|3|"PESCADOS Y CRUSTACEOS, MOLUSCOS Y DEMAS INVERTEBRADOS ACUATI"|19|407471.8|829477.72
20150228|37|"MAR DEL PLATA"|3|"PESCADOS Y CRUSTACEOS, MOLUSCOS Y DEMAS INVERTEBRADOS ACUATI"|16|237042.6|577995.4
20150319|37|"MAR DEL PLATA"|3|"PESCADOS Y CRUSTACEOS, MOLUSCOS Y DEMAS INVERTEBRADOS ACUATI"|52|1139253.1|2432168.62
20150627|37|"MAR DEL PLATA"|3|"PESCADOS Y CRUSTACEOS, MOLUSCOS Y DEMAS INVERTEBRADOS ACUATI"|16|434006|628099.2
20150323|37|"MAR DEL PLATA"|3|"PESCADOS Y CRUSTACEOS, MOLUSCOS Y DEMAS INVERTEBRADOS ACUATI"|5|261367|268161.75
20150709|37|"MAR DEL PLATA"|3|"PESCADOS Y CRUSTACEOS, MOLUSCOS Y DEMAS INVERTEBRADOS ACUATI"|10|275100|490497
20150730|37|"MAR DEL PLATA"|3|"PESCADOS Y CRUSTACEOS, MOLUSCOS Y DEMAS INVERTEBRADOS ACUATI"|88|1765362.99|4347477.66
20151218|37|"MAR DEL PLATA"|3|"PESCADOS Y CRUSTACEOS, MOLUSCOS Y DEMAS INVERTEBRADOS ACUATI"|89|2758968.7|6576834.08
20151222|37|"MAR DEL PLATA"|3|"PESCADOS Y CRUSTACEOS, MOLUSCOS Y DEMAS INVERTEBRADOS ACUATI"|51|1212192.67|3936077.19
20151229|37|"MAR DEL PLATA"|3|"PESCADOS Y CRUSTACEOS, MOLUSCOS Y DEMAS INVERTEBRADOS ACUATI"|36|807843.47|2759062.75
20150326|37|"MAR DEL PLATA"|3|"PESCADOS Y CRUSTACEOS, MOLUSCOS Y DEMAS INVERTEBRADOS ACUATI"|90|3335283.56|5253399.84
20150416|37|"MAR DEL PLATA"|3|"PESCADOS Y CRUSTACEOS, MOLUSCOS Y DEMAS INVERTEBRADOS ACUATI"|59|2752985.2|3907790.5
20150924|37|"MAR DEL PLATA"|3|"PESCADOS Y CRUSTACEOS, MOLUSCOS Y DEMAS INVERTEBRADOS ACUATI"|32|940168.83|3569364.98
20151005|37|"MAR DEL PLATA"|3|"PESCADOS Y CRUSTACEOS, MOLUSCOS Y DEMAS INVERTEBRADOS ACUATI"|87|1752941.04|4664567.21
20150605|37|"MAR DEL PLATA"|3|"PESCADOS Y CRUSTACEOS, MOLUSCOS Y DEMAS INVERTEBRADOS ACUATI"|60|3167759.83|4554060.32
20151014|37|"MAR DEL PLATA"|3|"PESCADOS Y CRUSTACEOS, MOLUSCOS Y DEMAS INVERTEBRADOS ACUATI"|55|1268645.3|3029726.87
20151015|37|"MAR DEL PLATA"|3|"PESCADOS Y CRUSTACEOS, MOLUSCOS Y DEMAS INVERTEBRADOS ACUATI"|38|1015045.12|2755110.02
20151027|37|"MAR DEL PLATA"|3|"PESCADOS Y CRUSTACEOS, MOLUSCOS Y DEMAS INVERTEBRADOS ACUATI"|65|1430293.15|3603902.06
20151029|37|"MAR DEL PLATA"|3|"PESCADOS Y CRUSTACEOS, MOLUSCOS Y DEMAS INVERTEBRADOS ACUATI"|23|703792.41|2292490.66
20150623|37|"MAR DEL PLATA"|3|"PESCADOS Y CRUSTACEOS, MOLUSCOS Y DEMAS INVERTEBRADOS ACUATI"|82|5391365.2|8268128.22
20151110|37|"MAR DEL PLATA"|3|"PESCADOS Y CRUSTACEOS, MOLUSCOS Y DEMAS INVERTEBRADOS ACUATI"|34|803578.7|3109401.05
20151111|37|"MAR DEL PLATA"|3|"PESCADOS Y CRUSTACEOS, MOLUSCOS Y DEMAS INVERTEBRADOS ACUATI"|65|1694417.36|4936840.15
20151205|37|"MAR DEL PLATA"|3|"PESCADOS Y CRUSTACEOS, MOLUSCOS Y DEMAS INVERTEBRADOS ACUATI"|4|24101|23176.6
20151121|37|"MAR DEL PLATA"|3|"PESCADOS Y CRUSTACEOS, MOLUSCOS Y DEMAS INVERTEBRADOS ACUATI"|5|152875|288351.3
20150331|37|"MAR DEL PLATA"|3|"PESCADOS Y CRUSTACEOS, MOLUSCOS Y DEMAS INVERTEBRADOS ACUATI"|16|1284673.4|1570561.62
20150728|37|"MAR DEL PLATA"|3|"PESCADOS Y CRUSTACEOS, MOLUSCOS Y DEMAS INVERTEBRADOS ACUATI"|46|1220681.76|2061587.31
20151116|37|"MAR DEL PLATA"|3|"PESCADOS Y CRUSTACEOS, MOLUSCOS Y DEMAS INVERTEBRADOS ACUATI"|44|1023159|2007687.46
20151105|37|"MAR DEL PLATA"|3|"PESCADOS Y CRUSTACEOS, MOLUSCOS Y DEMAS INVERTEBRADOS ACUATI"|25|769510.2|2455347.5
20150514|37|"MAR DEL PLATA"|3|"PESCADOS Y CRUSTACEOS, MOLUSCOS Y DEMAS INVERTEBRADOS ACUATI"|41|1624153.9|2523833.76
20150811|37|"MAR DEL PLATA"|3|"PESCADOS Y CRUSTACEOS, MOLUSCOS Y DEMAS INVERTEBRADOS ACUATI"|42|1458798.9|3659334.51
20150223|37|"MAR DEL PLATA"|3|"PESCADOS Y CRUSTACEOS, MOLUSCOS Y DEMAS INVERTEBRADOS ACUATI"|48|2813329.08|4373976.27
20150414|37|"MAR DEL PLATA"|3|"PESCADOS Y CRUSTACEOS, MOLUSCOS Y DEMAS INVERTEBRADOS ACUATI"|100|4539217.14|7549486.37
20150707|37|"MAR DEL PLATA"|3|"PESCADOS Y CRUSTACEOS, MOLUSCOS Y DEMAS INVERTEBRADOS ACUATI"|58|3050437.54|4558024.72
20150820|37|"MAR DEL PLATA"|3|"PESCADOS Y CRUSTACEOS, MOLUSCOS Y DEMAS INVERTEBRADOS ACUATI"|51|1426967.47|3294089.89
20150715|37|"MAR DEL PLATA"|3|"PESCADOS Y CRUSTACEOS, MOLUSCOS Y DEMAS INVERTEBRADOS ACUATI"|50|1350887.07|3439833.46
20150211|37|"MAR DEL PLATA"|3|"PESCADOS Y CRUSTACEOS, MOLUSCOS Y DEMAS INVERTEBRADOS ACUATI"|69|1570144.34|3781498.94
20150219|37|"MAR DEL PLATA"|3|"PESCADOS Y CRUSTACEOS, MOLUSCOS Y DEMAS INVERTEBRADOS ACUATI"|64|1667031.89|4039639.37
20150226|37|"MAR DEL PLATA"|3|"PESCADOS Y CRUSTACEOS, MOLUSCOS Y DEMAS INVERTEBRADOS ACUATI"|40|1109590.16|2347653.3
20150615|37|"MAR DEL PLATA"|3|"PESCADOS Y CRUSTACEOS, MOLUSCOS Y DEMAS INVERTEBRADOS ACUATI"|41|1055320.6|2262187.64
20150819|37|"MAR DEL PLATA"|3|"PESCADOS Y CRUSTACEOS, MOLUSCOS Y DEMAS INVERTEBRADOS ACUATI"|56|1396182.04|4739932.76
20150901|37|"MAR DEL PLATA"|3|"PESCADOS Y CRUSTACEOS, MOLUSCOS Y DEMAS INVERTEBRADOS ACUATI"|40|834837.72|1879495.87
20151009|37|"MAR DEL PLATA"|3|"PESCADOS Y CRUSTACEOS, MOLUSCOS Y DEMAS INVERTEBRADOS ACUATI"|41|600372.25|1398723.52
20150204|37|"MAR DEL PLATA"|3|"PESCADOS Y CRUSTACEOS, MOLUSCOS Y DEMAS INVERTEBRADOS ACUATI"|55|1074305.36|4374280.28
20151217|37|"MAR DEL PLATA"|3|"PESCADOS Y CRUSTACEOS, MOLUSCOS Y DEMAS INVERTEBRADOS ACUATI"|37|670675.31|1716115.46
20150929|37|"MAR DEL PLATA"|3|"PESCADOS Y CRUSTACEOS, MOLUSCOS Y DEMAS INVERTEBRADOS ACUATI"|62|2018635.06|3236046.9
20150808|37|"MAR DEL PLATA"|3|"PESCADOS Y CRUSTACEOS, MOLUSCOS Y DEMAS INVERTEBRADOS ACUATI"|29|683940.37|1235117.25
20150530|37|"MAR DEL PLATA"|3|"PESCADOS Y CRUSTACEOS, MOLUSCOS Y DEMAS INVERTEBRADOS ACUATI"|14|747169|1735789.39
20150724|37|"MAR DEL PLATA"|3|"PESCADOS Y CRUSTACEOS, MOLUSCOS Y DEMAS INVERTEBRADOS ACUATI"|63|1418827.92|2945529.94
20150121|37|"MAR DEL PLATA"|3|"PESCADOS Y CRUSTACEOS, MOLUSCOS Y DEMAS INVERTEBRADOS ACUATI"|34|979519.46|2794200.06
20150126|37|"MAR DEL PLATA"|3|"PESCADOS Y CRUSTACEOS, MOLUSCOS Y DEMAS INVERTEBRADOS ACUATI"|48|942369.85|2398614.87
20150123|37|"MAR DEL PLATA"|3|"PESCADOS Y CRUSTACEOS, MOLUSCOS Y DEMAS INVERTEBRADOS ACUATI"|32|405051.92|1294411.92
20151228|37|"MAR DEL PLATA"|3|"PESCADOS Y CRUSTACEOS, MOLUSCOS Y DEMAS INVERTEBRADOS ACUATI"|86|2356356.38|5401065.81
20150504|37|"MAR DEL PLATA"|3|"PESCADOS Y CRUSTACEOS, MOLUSCOS Y DEMAS INVERTEBRADOS ACUATI"|33|1422235.4|2199626.31
20150120|37|"MAR DEL PLATA"|3|"PESCADOS Y CRUSTACEOS, MOLUSCOS Y DEMAS INVERTEBRADOS ACUATI"|53|981168.07|2509687.17
20150812|37|"MAR DEL PLATA"|3|"PESCADOS Y CRUSTACEOS, MOLUSCOS Y DEMAS INVERTEBRADOS ACUATI"|65|1518176.97|4118660.51
20150107|37|"MAR DEL PLATA"|3|"PESCADOS Y CRUSTACEOS, MOLUSCOS Y DEMAS INVERTEBRADOS ACUATI"|34|1128735|2097726.3
20150205|37|"MAR DEL PLATA"|3|"PESCADOS Y CRUSTACEOS, MOLUSCOS Y DEMAS INVERTEBRADOS ACUATI"|84|1828554.45|4888459.18
20150218|37|"MAR DEL PLATA"|3|"PESCADOS Y CRUSTACEOS, MOLUSCOS Y DEMAS INVERTEBRADOS ACUATI"|59|1269090.72|2888669.72
20151016|37|"MAR DEL PLATA"|3|"PESCADOS Y CRUSTACEOS, MOLUSCOS Y DEMAS INVERTEBRADOS ACUATI"|35|652274.95|1702933.75
20151028|37|"MAR DEL PLATA"|3|"PESCADOS Y CRUSTACEOS, MOLUSCOS Y DEMAS INVERTEBRADOS ACUATI"|88|2110840.39|5061985.98
20151102|37|"MAR DEL PLATA"|3|"PESCADOS Y CRUSTACEOS, MOLUSCOS Y DEMAS INVERTEBRADOS ACUATI"|56|1152069|4017889.21
20150116|37|"MAR DEL PLATA"|3|"PESCADOS Y CRUSTACEOS, MOLUSCOS Y DEMAS INVERTEBRADOS ACUATI"|21|261172.28|771996.18
20150804|37|"MAR DEL PLATA"|3|"PESCADOS Y CRUSTACEOS, MOLUSCOS Y DEMAS INVERTEBRADOS ACUATI"|73|1831183.02|4746467.79
20150805|37|"MAR DEL PLATA"|3|"PESCADOS Y CRUSTACEOS, MOLUSCOS Y DEMAS INVERTEBRADOS ACUATI"|84|1990278.27|4281093.82
20150813|37|"MAR DEL PLATA"|3|"PESCADOS Y CRUSTACEOS, MOLUSCOS Y DEMAS INVERTEBRADOS ACUATI"|34|896178.69|2615430.08
20150818|37|"MAR DEL PLATA"|3|"PESCADOS Y CRUSTACEOS, MOLUSCOS Y DEMAS INVERTEBRADOS ACUATI"|117|2848587.36|6820038.82
20150917|37|"MAR DEL PLATA"|3|"PESCADOS Y CRUSTACEOS, MOLUSCOS Y DEMAS INVERTEBRADOS ACUATI"|48|774982.63|2091016.06
20150401|37|"MAR DEL PLATA"|3|"PESCADOS Y CRUSTACEOS, MOLUSCOS Y DEMAS INVERTEBRADOS ACUATI"|38|1120662.2|2434871
20150424|37|"MAR DEL PLATA"|3|"PESCADOS Y CRUSTACEOS, MOLUSCOS Y DEMAS INVERTEBRADOS ACUATI"|60|5922380.11|7826014.06
20150601|37|"MAR DEL PLATA"|3|"PESCADOS Y CRUSTACEOS, MOLUSCOS Y DEMAS INVERTEBRADOS ACUATI"|55|3061111.56|4531859.06
20150608|37|"MAR DEL PLATA"|3|"PESCADOS Y CRUSTACEOS, MOLUSCOS Y DEMAS INVERTEBRADOS ACUATI"|57|2403283.9|4172799.35
20151123|37|"MAR DEL PLATA"|3|"PESCADOS Y CRUSTACEOS, MOLUSCOS Y DEMAS INVERTEBRADOS ACUATI"|36|817928.6|2156491.51
20150904|37|"MAR DEL PLATA"|3|"PESCADOS Y CRUSTACEOS, MOLUSCOS Y DEMAS INVERTEBRADOS ACUATI"|35|681513.9|1379708.61
20151006|37|"MAR DEL PLATA"|3|"PESCADOS Y CRUSTACEOS, MOLUSCOS Y DEMAS INVERTEBRADOS ACUATI"|77|1611470.92|4428899.88
20151214|37|"MAR DEL PLATA"|3|"PESCADOS Y CRUSTACEOS, MOLUSCOS Y DEMAS INVERTEBRADOS ACUATI"|33|556799.19|1471624.93
20150716|37|"MAR DEL PLATA"|3|"PESCADOS Y CRUSTACEOS, MOLUSCOS Y DEMAS INVERTEBRADOS ACUATI"|43|1289996.94|2648020.1
20150225|37|"MAR DEL PLATA"|3|"PESCADOS Y CRUSTACEOS, MOLUSCOS Y DEMAS INVERTEBRADOS ACUATI"|69|2978392.62|8185304.01
20150327|37|"MAR DEL PLATA"|3|"PESCADOS Y CRUSTACEOS, MOLUSCOS Y DEMAS INVERTEBRADOS ACUATI"|60|3309343.61|4083310.48
20150527|37|"MAR DEL PLATA"|3|"PESCADOS Y CRUSTACEOS, MOLUSCOS Y DEMAS INVERTEBRADOS ACUATI"|83|3865857.78|7766146.13
20150708|37|"MAR DEL PLATA"|3|"PESCADOS Y CRUSTACEOS, MOLUSCOS Y DEMAS INVERTEBRADOS ACUATI"|51|1708368.43|4008684.11
20150807|37|"MAR DEL PLATA"|3|"PESCADOS Y CRUSTACEOS, MOLUSCOS Y DEMAS INVERTEBRADOS ACUATI"|56|2153867.83|5270405.85
20150606|37|"MAR DEL PLATA"|3|"PESCADOS Y CRUSTACEOS, MOLUSCOS Y DEMAS INVERTEBRADOS ACUATI"|4|51000|125350
20151130|37|"MAR DEL PLATA"|3|"PESCADOS Y CRUSTACEOS, MOLUSCOS Y DEMAS INVERTEBRADOS ACUATI"|35|724737.6|1412260.56
20150925|37|"MAR DEL PLATA"|3|"PESCADOS Y CRUSTACEOS, MOLUSCOS Y DEMAS INVERTEBRADOS ACUATI"|32|584339|1377699.47
20151215|37|"MAR DEL PLATA"|3|"PESCADOS Y CRUSTACEOS, MOLUSCOS Y DEMAS INVERTEBRADOS ACUATI"|23|1284472.6|3198824.09
20150502|37|"MAR DEL PLATA"|3|"PESCADOS Y CRUSTACEOS, MOLUSCOS Y DEMAS INVERTEBRADOS ACUATI"|7|410666|707574.84
20150713|37|"MAR DEL PLATA"|3|"PESCADOS Y CRUSTACEOS, MOLUSCOS Y DEMAS INVERTEBRADOS ACUATI"|58|1945328.94|3464972.32
20151019|37|"MAR DEL PLATA"|3|"PESCADOS Y CRUSTACEOS, MOLUSCOS Y DEMAS INVERTEBRADOS ACUATI"|51|1113034.9|3581828.81
20150313|37|"MAR DEL PLATA"|3|"PESCADOS Y CRUSTACEOS, MOLUSCOS Y DEMAS INVERTEBRADOS ACUATI"|49|2602062.86|5020585.7
20150318|37|"MAR DEL PLATA"|3|"PESCADOS Y CRUSTACEOS, MOLUSCOS Y DEMAS INVERTEBRADOS ACUATI"|71|3343262.12|5305569.66
20150612|37|"MAR DEL PLATA"|3|"PESCADOS Y CRUSTACEOS, MOLUSCOS Y DEMAS INVERTEBRADOS ACUATI"|64|2451305.42|4187302.05
20150604|37|"MAR DEL PLATA"|3|"PESCADOS Y CRUSTACEOS, MOLUSCOS Y DEMAS INVERTEBRADOS ACUATI"|80|1779337.27|3420782.37
20150629|37|"MAR DEL PLATA"|3|"PESCADOS Y CRUSTACEOS, MOLUSCOS Y DEMAS INVERTEBRADOS ACUATI"|39|3180691.96|3910529.41
20150115|37|"MAR DEL PLATA"|3|"PESCADOS Y CRUSTACEOS, MOLUSCOS Y DEMAS INVERTEBRADOS ACUATI"|36|848259.2|3111072.63
20150519|37|"MAR DEL PLATA"|3|"PESCADOS Y CRUSTACEOS, MOLUSCOS Y DEMAS INVERTEBRADOS ACUATI"|92|3719082.36|6045327.46
20150701|37|"MAR DEL PLATA"|3|"PESCADOS Y CRUSTACEOS, MOLUSCOS Y DEMAS INVERTEBRADOS ACUATI"|63|2486393.96|3287106.78
20151211|37|"MAR DEL PLATA"|3|"PESCADOS Y CRUSTACEOS, MOLUSCOS Y DEMAS INVERTEBRADOS ACUATI"|46|1020095.73|2188380.54
20151216|37|"MAR DEL PLATA"|3|"PESCADOS Y CRUSTACEOS, MOLUSCOS Y DEMAS INVERTEBRADOS ACUATI"|15|361778|931121.59
20150113|37|"MAR DEL PLATA"|3|"PESCADOS Y CRUSTACEOS, MOLUSCOS Y DEMAS INVERTEBRADOS ACUATI"|26|731064.58|2292727.33
20150114|37|"MAR DEL PLATA"|3|"PESCADOS Y CRUSTACEOS, MOLUSCOS Y DEMAS INVERTEBRADOS ACUATI"|41|1163882|2665791.78
20150717|37|"MAR DEL PLATA"|3|"PESCADOS Y CRUSTACEOS, MOLUSCOS Y DEMAS INVERTEBRADOS ACUATI"|59|1752311.7|3232933.72
20150910|37|"MAR DEL PLATA"|3|"PESCADOS Y CRUSTACEOS, MOLUSCOS Y DEMAS INVERTEBRADOS ACUATI"|92|2351103.7|7783494.39
20151221|37|"MAR DEL PLATA"|3|"PESCADOS Y CRUSTACEOS, MOLUSCOS Y DEMAS INVERTEBRADOS ACUATI"|61|1893742.88|5608226.77
20150617|37|"MAR DEL PLATA"|3|"PESCADOS Y CRUSTACEOS, MOLUSCOS Y DEMAS INVERTEBRADOS ACUATI"|70|1659260.28|3327107.67
20150622|37|"MAR DEL PLATA"|3|"PESCADOS Y CRUSTACEOS, MOLUSCOS Y DEMAS INVERTEBRADOS ACUATI"|38|2677523.78|3456048.63
20150302|37|"MAR DEL PLATA"|3|"PESCADOS Y CRUSTACEOS, MOLUSCOS Y DEMAS INVERTEBRADOS ACUATI"|48|980435.3|1524642.53
20150903|37|"MAR DEL PLATA"|3|"PESCADOS Y CRUSTACEOS, MOLUSCOS Y DEMAS INVERTEBRADOS ACUATI"|34|1240984.9|2318048.5
20150721|37|"MAR DEL PLATA"|3|"PESCADOS Y CRUSTACEOS, MOLUSCOS Y DEMAS INVERTEBRADOS ACUATI"|50|1185271.34|2702504.23
20151103|37|"MAR DEL PLATA"|3|"PESCADOS Y CRUSTACEOS, MOLUSCOS Y DEMAS INVERTEBRADOS ACUATI"|32|1105106.2|3990862.1
20150203|37|"MAR DEL PLATA"|3|"PESCADOS Y CRUSTACEOS, MOLUSCOS Y DEMAS INVERTEBRADOS ACUATI"|38|665472.24|1964006.79
20150220|37|"MAR DEL PLATA"|3|"PESCADOS Y CRUSTACEOS, MOLUSCOS Y DEMAS INVERTEBRADOS ACUATI"|87|1454705.35|3285650.05
20150610|37|"MAR DEL PLATA"|3|"PESCADOS Y CRUSTACEOS, MOLUSCOS Y DEMAS INVERTEBRADOS ACUATI"|110|4012118.04|7302577.65
20151022|37|"MAR DEL PLATA"|3|"PESCADOS Y CRUSTACEOS, MOLUSCOS Y DEMAS INVERTEBRADOS ACUATI"|45|1104853.8|2537454.39
20151119|37|"MAR DEL PLATA"|3|"PESCADOS Y CRUSTACEOS, MOLUSCOS Y DEMAS INVERTEBRADOS ACUATI"|30|632554.3|1591611.45
20150310|37|"MAR DEL PLATA"|3|"PESCADOS Y CRUSTACEOS, MOLUSCOS Y DEMAS INVERTEBRADOS ACUATI"|68|3862065.9|5534641.16
20150307|37|"MAR DEL PLATA"|3|"PESCADOS Y CRUSTACEOS, MOLUSCOS Y DEMAS INVERTEBRADOS ACUATI"|4|140480|425479.4
20150404|37|"MAR DEL PLATA"|3|"PESCADOS Y CRUSTACEOS, MOLUSCOS Y DEMAS INVERTEBRADOS ACUATI"|5|270286|432538.49
20150413|37|"MAR DEL PLATA"|3|"PESCADOS Y CRUSTACEOS, MOLUSCOS Y DEMAS INVERTEBRADOS ACUATI"|92|2831010.06|4583124.89
20150421|37|"MAR DEL PLATA"|3|"PESCADOS Y CRUSTACEOS, MOLUSCOS Y DEMAS INVERTEBRADOS ACUATI"|44|1823567.79|2530734.47
20150402|37|"MAR DEL PLATA"|3|"PESCADOS Y CRUSTACEOS, MOLUSCOS Y DEMAS INVERTEBRADOS ACUATI"|12|323215|538307.5
20150108|37|"MAR DEL PLATA"|3|"PESCADOS Y CRUSTACEOS, MOLUSCOS Y DEMAS INVERTEBRADOS ACUATI"|35|997831|2927875.22
20150127|37|"MAR DEL PLATA"|3|"PESCADOS Y CRUSTACEOS, MOLUSCOS Y DEMAS INVERTEBRADOS ACUATI"|33|910211.7|2609928.75
20150918|37|"MAR DEL PLATA"|3|"PESCADOS Y CRUSTACEOS, MOLUSCOS Y DEMAS INVERTEBRADOS ACUATI"|20|648144|1738583.34
20150512|37|"MAR DEL PLATA"|3|"PESCADOS Y CRUSTACEOS, MOLUSCOS Y DEMAS INVERTEBRADOS ACUATI"|72|2649043.96|4718157.01
20150520|37|"MAR DEL PLATA"|3|"PESCADOS Y CRUSTACEOS, MOLUSCOS Y DEMAS INVERTEBRADOS ACUATI"|52|2901307.16|4661644.49
20150624|37|"MAR DEL PLATA"|3|"PESCADOS Y CRUSTACEOS, MOLUSCOS Y DEMAS INVERTEBRADOS ACUATI"|73|3286079.38|6007301.55
20150731|37|"MAR DEL PLATA"|3|"PESCADOS Y CRUSTACEOS, MOLUSCOS Y DEMAS INVERTEBRADOS ACUATI"|38|905185|1511329.11
20150523|37|"MAR DEL PLATA"|3|"PESCADOS Y CRUSTACEOS, MOLUSCOS Y DEMAS INVERTEBRADOS ACUATI"|32|988303|1736474.1
20150821|37|"MAR DEL PLATA"|3|"PESCADOS Y CRUSTACEOS, MOLUSCOS Y DEMAS INVERTEBRADOS ACUATI"|25|731910.36|2345857.33
20150423|37|"MAR DEL PLATA"|3|"PESCADOS Y CRUSTACEOS, MOLUSCOS Y DEMAS INVERTEBRADOS ACUATI"|46|1588769.66|3171222.88
20150505|37|"MAR DEL PLATA"|3|"PESCADOS Y CRUSTACEOS, MOLUSCOS Y DEMAS INVERTEBRADOS ACUATI"|122|3074652.86|6945881.54
20150507|37|"MAR DEL PLATA"|3|"PESCADOS Y CRUSTACEOS, MOLUSCOS Y DEMAS INVERTEBRADOS ACUATI"|54|3468894.16|5056860.4
20151007|37|"MAR DEL PLATA"|3|"PESCADOS Y CRUSTACEOS, MOLUSCOS Y DEMAS INVERTEBRADOS ACUATI"|72|1712041.82|4697379.15
20150317|37|"MAR DEL PLATA"|3|"PESCADOS Y CRUSTACEOS, MOLUSCOS Y DEMAS INVERTEBRADOS ACUATI"|48|1923058.61|3313668.45
20150309|37|"MAR DEL PLATA"|3|"PESCADOS Y CRUSTACEOS, MOLUSCOS Y DEMAS INVERTEBRADOS ACUATI"|41|982685.4|2065395.61
20150330|37|"MAR DEL PLATA"|3|"PESCADOS Y CRUSTACEOS, MOLUSCOS Y DEMAS INVERTEBRADOS ACUATI"|28|2360985.5|3288244.9
20150602|37|"MAR DEL PLATA"|3|"PESCADOS Y CRUSTACEOS, MOLUSCOS Y DEMAS INVERTEBRADOS ACUATI"|44|1089319.27|2218747.27
20150710|37|"MAR DEL PLATA"|3|"PESCADOS Y CRUSTACEOS, MOLUSCOS Y DEMAS INVERTEBRADOS ACUATI"|72|1475712.88|2982935.19
20150826|37|"MAR DEL PLATA"|3|"PESCADOS Y CRUSTACEOS, MOLUSCOS Y DEMAS INVERTEBRADOS ACUATI"|63|1417072.49|3827269.28
20151118|37|"MAR DEL PLATA"|3|"PESCADOS Y CRUSTACEOS, MOLUSCOS Y DEMAS INVERTEBRADOS ACUATI"|37|700556.15|1875714.24
20150702|37|"MAR DEL PLATA"|3|"PESCADOS Y CRUSTACEOS, MOLUSCOS Y DEMAS INVERTEBRADOS ACUATI"|40|943937.61|2109991.9
20150106|37|"MAR DEL PLATA"|3|"PESCADOS Y CRUSTACEOS, MOLUSCOS Y DEMAS INVERTEBRADOS ACUATI"|68|1046869.57|2783501.5
20151112|37|"MAR DEL PLATA"|3|"PESCADOS Y CRUSTACEOS, MOLUSCOS Y DEMAS INVERTEBRADOS ACUATI"|18|446492|1177263.59
20150312|37|"MAR DEL PLATA"|3|"PESCADOS Y CRUSTACEOS, MOLUSCOS Y DEMAS INVERTEBRADOS ACUATI"|69|2556612.38|7806995.09
20151126|37|"MAR DEL PLATA"|3|"PESCADOS Y CRUSTACEOS, MOLUSCOS Y DEMAS INVERTEBRADOS ACUATI"|26|461488.4|1119239.82
20150315|37|"MAR DEL PLATA"|3|"PESCADOS Y CRUSTACEOS, MOLUSCOS Y DEMAS INVERTEBRADOS ACUATI"|4|67931|178677.3
20150827|37|"MAR DEL PLATA"|3|"PESCADOS Y CRUSTACEOS, MOLUSCOS Y DEMAS INVERTEBRADOS ACUATI"|41|999308.12|2739696.71
20150130|37|"MAR DEL PLATA"|3|"PESCADOS Y CRUSTACEOS, MOLUSCOS Y DEMAS INVERTEBRADOS ACUATI"|35|691174.7|1566357.69
20151008|37|"MAR DEL PLATA"|3|"PESCADOS Y CRUSTACEOS, MOLUSCOS Y DEMAS INVERTEBRADOS ACUATI"|44|1176723.73|2430661.42
20150727|37|"MAR DEL PLATA"|3|"PESCADOS Y CRUSTACEOS, MOLUSCOS Y DEMAS INVERTEBRADOS ACUATI"|64|1671183.63|4592892.61
20150420|37|"MAR DEL PLATA"|3|"PESCADOS Y CRUSTACEOS, MOLUSCOS Y DEMAS INVERTEBRADOS ACUATI"|62|2289514|3871449.04
20151203|37|"MAR DEL PLATA"|3|"PESCADOS Y CRUSTACEOS, MOLUSCOS Y DEMAS INVERTEBRADOS ACUATI"|37|624382.1|1721596.74
20151201|37|"MAR DEL PLATA"|3|"PESCADOS Y CRUSTACEOS, MOLUSCOS Y DEMAS INVERTEBRADOS ACUATI"|42|1329314.58|2321628.56
20150718|37|"MAR DEL PLATA"|3|"PESCADOS Y CRUSTACEOS, MOLUSCOS Y DEMAS INVERTEBRADOS ACUATI"|27|628431.5|1539496.27
20150316|37|"MAR DEL PLATA"|3|"PESCADOS Y CRUSTACEOS, MOLUSCOS Y DEMAS INVERTEBRADOS ACUATI"|95|2968932.8|5673331.69
20150102|37|"MAR DEL PLATA"|3|"PESCADOS Y CRUSTACEOS, MOLUSCOS Y DEMAS INVERTEBRADOS ACUATI"|6|144042.5|405363.76
20151204|37|"MAR DEL PLATA"|3|"PESCADOS Y CRUSTACEOS, MOLUSCOS Y DEMAS INVERTEBRADOS ACUATI"|50|1598187.6|4516828.68
20150109|37|"MAR DEL PLATA"|3|"PESCADOS Y CRUSTACEOS, MOLUSCOS Y DEMAS INVERTEBRADOS ACUATI"|24|655297|1720921.31
20151124|37|"MAR DEL PLATA"|3|"PESCADOS Y CRUSTACEOS, MOLUSCOS Y DEMAS INVERTEBRADOS ACUATI"|67|1453530.79|3639219.13
20150630|37|"MAR DEL PLATA"|3|"PESCADOS Y CRUSTACEOS, MOLUSCOS Y DEMAS INVERTEBRADOS ACUATI"|61|2868713.4|5023672.79
20150511|37|"MAR DEL PLATA"|3|"PESCADOS Y CRUSTACEOS, MOLUSCOS Y DEMAS INVERTEBRADOS ACUATI"|24|663565.8|974207.73
20150227|37|"MAR DEL PLATA"|3|"PESCADOS Y CRUSTACEOS, MOLUSCOS Y DEMAS INVERTEBRADOS ACUATI"|61|1798794.5|3381963.85
20150408|37|"MAR DEL PLATA"|3|"PESCADOS Y CRUSTACEOS, MOLUSCOS Y DEMAS INVERTEBRADOS ACUATI"|60|2643795.5|4275444.35
20150626|37|"MAR DEL PLATA"|3|"PESCADOS Y CRUSTACEOS, MOLUSCOS Y DEMAS INVERTEBRADOS ACUATI"|52|1281104.85|3306227.76
20150609|37|"MAR DEL PLATA"|3|"PESCADOS Y CRUSTACEOS, MOLUSCOS Y DEMAS INVERTEBRADOS ACUATI"|53|1421313.43|3232690.36
20150814|37|"MAR DEL PLATA"|3|"PESCADOS Y CRUSTACEOS, MOLUSCOS Y DEMAS INVERTEBRADOS ACUATI"|33|900170.12|2707537.19
20150406|37|"MAR DEL PLATA"|3|"PESCADOS Y CRUSTACEOS, MOLUSCOS Y DEMAS INVERTEBRADOS ACUATI"|55|1411350.03|2806080.89
20151109|37|"MAR DEL PLATA"|3|"PESCADOS Y CRUSTACEOS, MOLUSCOS Y DEMAS INVERTEBRADOS ACUATI"|52|1155953.4|3161516.67
20150824|37|"MAR DEL PLATA"|3|"PESCADOS Y CRUSTACEOS, MOLUSCOS Y DEMAS INVERTEBRADOS ACUATI"|39|1288727|3628149.96
20150422|37|"MAR DEL PLATA"|3|"PESCADOS Y CRUSTACEOS, MOLUSCOS Y DEMAS INVERTEBRADOS ACUATI"|52|2468286.4|4070042.69
20151013|37|"MAR DEL PLATA"|3|"PESCADOS Y CRUSTACEOS, MOLUSCOS Y DEMAS INVERTEBRADOS ACUATI"|74|2272719.7|6602337.01
20150714|37|"MAR DEL PLATA"|3|"PESCADOS Y CRUSTACEOS, MOLUSCOS Y DEMAS INVERTEBRADOS ACUATI"|89|3439837.32|7453085.24
20150907|37|"MAR DEL PLATA"|3|"PESCADOS Y CRUSTACEOS, MOLUSCOS Y DEMAS INVERTEBRADOS ACUATI"|26|937148.12|2232500.23
20151106|37|"MAR DEL PLATA"|3|"PESCADOS Y CRUSTACEOS, MOLUSCOS Y DEMAS INVERTEBRADOS ACUATI"|19|450909.97|1102149.2
20150209|37|"MAR DEL PLATA"|3|"PESCADOS Y CRUSTACEOS, MOLUSCOS Y DEMAS INVERTEBRADOS ACUATI"|71|1305227.04|3141449.39
20150911|37|"MAR DEL PLATA"|3|"PESCADOS Y CRUSTACEOS, MOLUSCOS Y DEMAS INVERTEBRADOS ACUATI"|45|1062963.4|2786802.1
20150625|37|"MAR DEL PLATA"|3|"PESCADOS Y CRUSTACEOS, MOLUSCOS Y DEMAS INVERTEBRADOS ACUATI"|57|2530492.68|4330884.01
20150304|37|"MAR DEL PLATA"|3|"PESCADOS Y CRUSTACEOS, MOLUSCOS Y DEMAS INVERTEBRADOS ACUATI"|89|3136682.97|4548980.74
20150521|37|"MAR DEL PLATA"|3|"PESCADOS Y CRUSTACEOS, MOLUSCOS Y DEMAS INVERTEBRADOS ACUATI"|77|1468599.5|3136408.04
20150429|37|"MAR DEL PLATA"|3|"PESCADOS Y CRUSTACEOS, MOLUSCOS Y DEMAS INVERTEBRADOS ACUATI"|76|2216048.46|3824493.72
20150410|37|"MAR DEL PLATA"|3|"PESCADOS Y CRUSTACEOS, MOLUSCOS Y DEMAS INVERTEBRADOS ACUATI"|46|1898104.67|2533829.12
20150706|37|"MAR DEL PLATA"|3|"PESCADOS Y CRUSTACEOS, MOLUSCOS Y DEMAS INVERTEBRADOS ACUATI"|73|1467153.05|3189018.38
20150112|37|"MAR DEL PLATA"|3|"PESCADOS Y CRUSTACEOS, MOLUSCOS Y DEMAS INVERTEBRADOS ACUATI"|17|643607.98|1659874.83
20150720|37|"MAR DEL PLATA"|3|"PESCADOS Y CRUSTACEOS, MOLUSCOS Y DEMAS INVERTEBRADOS ACUATI"|32|705976.16|1741407.09
20150825|37|"MAR DEL PLATA"|3|"PESCADOS Y CRUSTACEOS, MOLUSCOS Y DEMAS INVERTEBRADOS ACUATI"|44|1241495|2948185.52
20151021|37|"MAR DEL PLATA"|3|"PESCADOS Y CRUSTACEOS, MOLUSCOS Y DEMAS INVERTEBRADOS ACUATI"|61|1228885.93|4153439.59
20150206|37|"MAR DEL PLATA"|3|"PESCADOS Y CRUSTACEOS, MOLUSCOS Y DEMAS INVERTEBRADOS ACUATI"|38|889573.2|4723903.93
20150529|37|"MAR DEL PLATA"|3|"PESCADOS Y CRUSTACEOS, MOLUSCOS Y DEMAS INVERTEBRADOS ACUATI"|47|1187473.46|2451322.12
20150916|37|"MAR DEL PLATA"|3|"PESCADOS Y CRUSTACEOS, MOLUSCOS Y DEMAS INVERTEBRADOS ACUATI"|64|1444841.31|4147432.38
20150915|37|"MAR DEL PLATA"|3|"PESCADOS Y CRUSTACEOS, MOLUSCOS Y DEMAS INVERTEBRADOS ACUATI"|66|2041877.17|5531884.18
20150224|37|"MAR DEL PLATA"|3|"PESCADOS Y CRUSTACEOS, MOLUSCOS Y DEMAS INVERTEBRADOS ACUATI"|50|2553661.4|3500631.92
20150620|37|"MAR DEL PLATA"|3|"PESCADOS Y CRUSTACEOS, MOLUSCOS Y DEMAS INVERTEBRADOS ACUATI"|5|129216|129491.52
20150321|37|"MAR DEL PLATA"|3|"PESCADOS Y CRUSTACEOS, MOLUSCOS Y DEMAS INVERTEBRADOS ACUATI"|6|475411|748245.03
20150311|37|"MAR DEL PLATA"|3|"PESCADOS Y CRUSTACEOS, MOLUSCOS Y DEMAS INVERTEBRADOS ACUATI"|60|2185305.83|3907224.59
20150430|37|"MAR DEL PLATA"|3|"PESCADOS Y CRUSTACEOS, MOLUSCOS Y DEMAS INVERTEBRADOS ACUATI"|87|6538804.4|7442354.12
20151230|37|"MAR DEL PLATA"|3|"PESCADOS Y CRUSTACEOS, MOLUSCOS Y DEMAS INVERTEBRADOS ACUATI"|25|456786.5|1574354.1
20150522|37|"MAR DEL PLATA"|3|"PESCADOS Y CRUSTACEOS, MOLUSCOS Y DEMAS INVERTEBRADOS ACUATI"|67|2128330.96|3581799.55
20150513|37|"MAR DEL PLATA"|3|"PESCADOS Y CRUSTACEOS, MOLUSCOS Y DEMAS INVERTEBRADOS ACUATI"|105|3953880.72|6999376.82
20150729|37|"MAR DEL PLATA"|3|"PESCADOS Y CRUSTACEOS, MOLUSCOS Y DEMAS INVERTEBRADOS ACUATI"|47|1332254.76|2397967.51
20150803|37|"MAR DEL PLATA"|3|"PESCADOS Y CRUSTACEOS, MOLUSCOS Y DEMAS INVERTEBRADOS ACUATI"|29|793750.2|1498918.36
20150810|37|"MAR DEL PLATA"|3|"PESCADOS Y CRUSTACEOS, MOLUSCOS Y DEMAS INVERTEBRADOS ACUATI"|35|770616.86|2115493.38
20151224|37|"MAR DEL PLATA"|3|"PESCADOS Y CRUSTACEOS, MOLUSCOS Y DEMAS INVERTEBRADOS ACUATI"|25|632942|1379305.15
20150831|37|"MAR DEL PLATA"|3|"PESCADOS Y CRUSTACEOS, MOLUSCOS Y DEMAS INVERTEBRADOS ACUATI"|56|1909415.1|5248513.96
20150506|37|"MAR DEL PLATA"|3|"PESCADOS Y CRUSTACEOS, MOLUSCOS Y DEMAS INVERTEBRADOS ACUATI"|82|4376124.84|8432668.62
20150428|37|"MAR DEL PLATA"|3|"PESCADOS Y CRUSTACEOS, MOLUSCOS Y DEMAS INVERTEBRADOS ACUATI"|63|2428852.74|3711441.32
20151026|37|"MAR DEL PLATA"|3|"PESCADOS Y CRUSTACEOS, MOLUSCOS Y DEMAS INVERTEBRADOS ACUATI"|37|1282101.72|2323759.76
20150528|37|"MAR DEL PLATA"|3|"PESCADOS Y CRUSTACEOS, MOLUSCOS Y DEMAS INVERTEBRADOS ACUATI"|87|4302267.33|6407459.88
20150305|37|"MAR DEL PLATA"|3|"PESCADOS Y CRUSTACEOS, MOLUSCOS Y DEMAS INVERTEBRADOS ACUATI"|70|1854005.38|3742147.02
20150303|37|"MAR DEL PLATA"|3|"PESCADOS Y CRUSTACEOS, MOLUSCOS Y DEMAS INVERTEBRADOS ACUATI"|55|1580104.3|2719286.45
20150515|37|"MAR DEL PLATA"|3|"PESCADOS Y CRUSTACEOS, MOLUSCOS Y DEMAS INVERTEBRADOS ACUATI"|54|3949529.21|7796818.23
20150930|37|"MAR DEL PLATA"|3|"PESCADOS Y CRUSTACEOS, MOLUSCOS Y DEMAS INVERTEBRADOS ACUATI"|56|1641534.28|4176931.42
20150329|37|"MAR DEL PLATA"|3|"PESCADOS Y CRUSTACEOS, MOLUSCOS Y DEMAS INVERTEBRADOS ACUATI"|7|148315|269291.1
20150417|37|"MAR DEL PLATA"|3|"PESCADOS Y CRUSTACEOS, MOLUSCOS Y DEMAS INVERTEBRADOS ACUATI"|52|1566955.31|3220819.75
20150122|37|"MAR DEL PLATA"|3|"PESCADOS Y CRUSTACEOS, MOLUSCOS Y DEMAS INVERTEBRADOS ACUATI"|38|594273.6|1695440.7
20150128|37|"MAR DEL PLATA"|3|"PESCADOS Y CRUSTACEOS, MOLUSCOS Y DEMAS INVERTEBRADOS ACUATI"|77|1479911.78|3812089.22
20150407|37|"MAR DEL PLATA"|3|"PESCADOS Y CRUSTACEOS, MOLUSCOS Y DEMAS INVERTEBRADOS ACUATI"|129|7372857.96|9425713.62
20150328|37|"MAR DEL PLATA"|3|"PESCADOS Y CRUSTACEOS, MOLUSCOS Y DEMAS INVERTEBRADOS ACUATI"|8|553392.2|730277.91
20150914|37|"MAR DEL PLATA"|3|"PESCADOS Y CRUSTACEOS, MOLUSCOS Y DEMAS INVERTEBRADOS ACUATI"|46|1520086.4|4457632.91
20150603|37|"MAR DEL PLATA"|3|"PESCADOS Y CRUSTACEOS, MOLUSCOS Y DEMAS INVERTEBRADOS ACUATI"|64|2505690|3807620.86
20150105|37|"MAR DEL PLATA"|3|"PESCADOS Y CRUSTACEOS, MOLUSCOS Y DEMAS INVERTEBRADOS ACUATI"|82|1963784.56|5997418.92
20151107|37|"MAR DEL PLATA"|3|"PESCADOS Y CRUSTACEOS, MOLUSCOS Y DEMAS INVERTEBRADOS ACUATI"|4|25468|154394
20151117|37|"MAR DEL PLATA"|3|"PESCADOS Y CRUSTACEOS, MOLUSCOS Y DEMAS INVERTEBRADOS ACUATI"|67|1149542.29|3851739.89
20150320|37|"MAR DEL PLATA"|3|"PESCADOS Y CRUSTACEOS, MOLUSCOS Y DEMAS INVERTEBRADOS ACUATI"|80|4661226.56|5813214.2
20150828|37|"MAR DEL PLATA"|3|"PESCADOS Y CRUSTACEOS, MOLUSCOS Y DEMAS INVERTEBRADOS ACUATI"|20|372235.36|715728.62
20151210|37|"MAR DEL PLATA"|3|"PESCADOS Y CRUSTACEOS, MOLUSCOS Y DEMAS INVERTEBRADOS ACUATI"|29|530529.54|1461777.74
20150618|37|"MAR DEL PLATA"|3|"PESCADOS Y CRUSTACEOS, MOLUSCOS Y DEMAS INVERTEBRADOS ACUATI"|32|1082232.1|1866757.63
20151209|37|"MAR DEL PLATA"|3|"PESCADOS Y CRUSTACEOS, MOLUSCOS Y DEMAS INVERTEBRADOS ACUATI"|43|961083.6|2119278.44
20151125|37|"MAR DEL PLATA"|3|"PESCADOS Y CRUSTACEOS, MOLUSCOS Y DEMAS INVERTEBRADOS ACUATI"|30|474194.75|1178748.54
20150722|37|"MAR DEL PLATA"|3|"PESCADOS Y CRUSTACEOS, MOLUSCOS Y DEMAS INVERTEBRADOS ACUATI"|67|2234142.89|3312409.49
20151023|37|"MAR DEL PLATA"|3|"PESCADOS Y CRUSTACEOS, MOLUSCOS Y DEMAS INVERTEBRADOS ACUATI"|24|467797.1|1003094.12
20150508|37|"MAR DEL PLATA"|3|"PESCADOS Y CRUSTACEOS, MOLUSCOS Y DEMAS INVERTEBRADOS ACUATI"|36|2323010|4406378.31
20151001|37|"MAR DEL PLATA"|3|"PESCADOS Y CRUSTACEOS, MOLUSCOS Y DEMAS INVERTEBRADOS ACUATI"|55|1334832.6|3423325.29
20150921|37|"MAR DEL PLATA"|3|"PESCADOS Y CRUSTACEOS, MOLUSCOS Y DEMAS INVERTEBRADOS ACUATI"|61|1705259.68|4046595.32
20150202|37|"MAR DEL PLATA"|3|"PESCADOS Y CRUSTACEOS, MOLUSCOS Y DEMAS INVERTEBRADOS ACUATI"|51|1052480.55|2550101.6
20151104|37|"MAR DEL PLATA"|3|"PESCADOS Y CRUSTACEOS, MOLUSCOS Y DEMAS INVERTEBRADOS ACUATI"|50|1064181.8|3191685.36
20150902|37|"MAR DEL PLATA"|3|"PESCADOS Y CRUSTACEOS, MOLUSCOS Y DEMAS INVERTEBRADOS ACUATI"|67|1524668.91|3828712.55
20150922|37|"MAR DEL PLATA"|3|"PESCADOS Y CRUSTACEOS, MOLUSCOS Y DEMAS INVERTEBRADOS ACUATI"|39|970219.4|2942980.93
20150325|37|"MAR DEL PLATA"|3|"PESCADOS Y CRUSTACEOS, MOLUSCOS Y DEMAS INVERTEBRADOS ACUATI"|92|4130714.84|10569102.99
20150526|37|"MAR DEL PLATA"|3|"PESCADOS Y CRUSTACEOS, MOLUSCOS Y DEMAS INVERTEBRADOS ACUATI"|64|2033077.32|3538207.6
20151223|37|"MAR DEL PLATA"|3|"PESCADOS Y CRUSTACEOS, MOLUSCOS Y DEMAS INVERTEBRADOS ACUATI"|41|1201358.35|3096054.88
20150119|37|"MAR DEL PLATA"|3|"PESCADOS Y CRUSTACEOS, MOLUSCOS Y DEMAS INVERTEBRADOS ACUATI"|31|939467.2|2392158.08
20150212|37|"MAR DEL PLATA"|3|"PESCADOS Y CRUSTACEOS, MOLUSCOS Y DEMAS INVERTEBRADOS ACUATI"|37|793688.91|2288785.94
20150427|37|"MAR DEL PLATA"|3|"PESCADOS Y CRUSTACEOS, MOLUSCOS Y DEMAS INVERTEBRADOS ACUATI"|63|2333062.4|3830983.54
20150129|37|"MAR DEL PLATA"|3|"PESCADOS Y CRUSTACEOS, MOLUSCOS Y DEMAS INVERTEBRADOS ACUATI"|44|1127992.5|2369984.8
20150908|37|"MAR DEL PLATA"|3|"PESCADOS Y CRUSTACEOS, MOLUSCOS Y DEMAS INVERTEBRADOS ACUATI"|46|1107541.54|3218957.31
20150616|37|"MAR DEL PLATA"|3|"PESCADOS Y CRUSTACEOS, MOLUSCOS Y DEMAS INVERTEBRADOS ACUATI"|40|1724540.8|3212893.79
20151020|37|"MAR DEL PLATA"|3|"PESCADOS Y CRUSTACEOS, MOLUSCOS Y DEMAS INVERTEBRADOS ACUATI"|47|1746951.35|4026282.99
20150928|37|"MAR DEL PLATA"|3|"PESCADOS Y CRUSTACEOS, MOLUSCOS Y DEMAS INVERTEBRADOS ACUATI"|38|990011.74|2779093.62
